PRAGMA foreign_keys=OFF;
BEGIN TRANSACTION;
CREATE TABLE `Teams` (`id` INTEGER PRIMARY KEY AUTOINCREMENT, `active` TINYINT(1) DEFAULT 1, `createdAt` DATETIME NOT NULL, `updatedAt` DATETIME NOT NULL);
INSERT INTO Teams VALUES(1,1,'2021-09-17 20:59:47.902 +00:00','2021-09-17 20:59:47.902 +00:00');
CREATE TABLE `Users` (`id` INTEGER PRIMARY KEY AUTOINCREMENT, `email` VARCHAR(255) NOT NULL UNIQUE, `password` VARCHAR(255) NOT NULL, `passwordResetToken` VARCHAR(255), `passwordResetExpires` DATETIME, `active` TINYINT(1) DEFAULT 1, `username` VARCHAR(255) NOT NULL, `basicGrant` TINYINT(1) DEFAULT 1, `adminGrant` TINYINT(1) DEFAULT 0, `createdAt` DATETIME NOT NULL, `updatedAt` DATETIME NOT NULL, `TeamId` INTEGER REFERENCES `Teams` (`id`) ON DELETE SET NULL ON UPDATE CASCADE);
INSERT INTO Users VALUES(1,'blandit@email.com','blandit',NULL,NULL,1,'blandit',1,0,'2021-09-17 20:59:47.934 +00:00','2021-09-17 20:59:47.934 +00:00',1);
CREATE TABLE `Logs` (`id` INTEGER PRIMARY KEY AUTOINCREMENT, `level` VARCHAR(255) NOT NULL, `message` VARCHAR(255) NOT NULL, `meta` VARCHAR(255), `createdAt` DATETIME NOT NULL, `updatedAt` DATETIME NOT NULL);
CREATE TABLE `Tags` (`id` INTEGER PRIMARY KEY AUTOINCREMENT, `active` TINYINT(1) DEFAULT 1, `tagName` VARCHAR(255) NOT NULL, `createdAt` DATETIME NOT NULL, `updatedAt` DATETIME NOT NULL, `TeamId` INTEGER REFERENCES `Teams` (`id`) ON DELETE SET NULL ON UPDATE CASCADE);
INSERT INTO Tags VALUES(1,1,'netus','2021-09-17 21:43:37.172 +00:00','2021-09-17 21:43:37.172 +00:00',1);
INSERT INTO Tags VALUES(2,1,'luceat','2021-09-17 21:43:37.230 +00:00','2021-09-17 21:43:37.230 +00:00',1);
INSERT INTO Tags VALUES(3,1,'tristique','2021-09-17 21:43:37.480 +00:00','2021-09-17 21:43:37.480 +00:00',1);
INSERT INTO Tags VALUES(4,1,'Ut','2021-09-17 21:43:37.728 +00:00','2021-09-17 21:43:37.728 +00:00',1);
INSERT INTO Tags VALUES(5,1,'fermentum','2021-09-17 21:43:37.908 +00:00','2021-09-17 21:43:37.908 +00:00',1);
INSERT INTO Tags VALUES(6,1,'Turpis','2021-09-17 21:43:38.182 +00:00','2021-09-17 21:43:38.182 +00:00',1);
INSERT INTO Tags VALUES(7,1,'viverra','2021-09-17 21:43:38.508 +00:00','2021-09-17 21:43:38.508 +00:00',1);
INSERT INTO Tags VALUES(8,1,'donec','2021-09-17 21:43:38.751 +00:00','2021-09-17 21:43:38.751 +00:00',1);
INSERT INTO Tags VALUES(9,1,'morbi','2021-09-17 21:43:38.893 +00:00','2021-09-17 21:43:38.893 +00:00',1);
INSERT INTO Tags VALUES(10,1,'Dolor','2021-09-17 21:43:39.075 +00:00','2021-09-17 21:43:39.075 +00:00',1);
INSERT INTO Tags VALUES(11,1,'Proin','2021-09-17 21:43:39.304 +00:00','2021-09-17 21:43:39.304 +00:00',1);
INSERT INTO Tags VALUES(12,1,'maecenas','2021-09-17 21:43:39.429 +00:00','2021-09-17 21:43:39.429 +00:00',1);
INSERT INTO Tags VALUES(13,1,'morti','2021-09-17 21:43:40.044 +00:00','2021-09-17 21:43:40.044 +00:00',1);
INSERT INTO Tags VALUES(14,1,'sum','2021-09-17 21:43:40.342 +00:00','2021-09-17 21:43:40.342 +00:00',1);
INSERT INTO Tags VALUES(15,1,'nibh','2021-09-17 21:43:40.378 +00:00','2021-09-17 21:43:40.378 +00:00',1);
INSERT INTO Tags VALUES(16,1,'massa','2021-09-17 21:43:40.757 +00:00','2021-09-17 21:43:40.757 +00:00',1);
CREATE TABLE `Projects` (`id` INTEGER PRIMARY KEY AUTOINCREMENT, `active` TINYINT(1) DEFAULT 1, `projectName` VARCHAR(255) NOT NULL, `createdAt` DATETIME NOT NULL, `updatedAt` DATETIME NOT NULL, `TeamId` INTEGER REFERENCES `Teams` (`id`) ON DELETE SET NULL ON UPDATE CASCADE);
INSERT INTO Projects VALUES(1,1,'felis','2021-09-17 21:43:37.286 +00:00','2021-09-17 21:43:37.286 +00:00',1);
INSERT INTO Projects VALUES(2,1,'est','2021-09-17 21:43:37.556 +00:00','2021-09-17 21:43:37.556 +00:00',1);
INSERT INTO Projects VALUES(3,1,'commodo','2021-09-17 21:43:37.789 +00:00','2021-09-17 21:43:37.789 +00:00',1);
CREATE TABLE `Entries` (`id` INTEGER PRIMARY KEY AUTOINCREMENT, `active` TINYINT(1) DEFAULT 1, `date` DATETIME NOT NULL, `description` VARCHAR(255) NOT NULL, `duration` INTEGER, `createdAt` DATETIME NOT NULL, `updatedAt` DATETIME NOT NULL, `TeamId` INTEGER REFERENCES `Teams` (`id`) ON DELETE SET NULL ON UPDATE CASCADE, `ProjectId` INTEGER REFERENCES `Projects` (`id`) ON DELETE SET NULL ON UPDATE CASCADE, `UserId` INTEGER REFERENCES `Users` (`id`) ON DELETE SET NULL ON UPDATE CASCADE);
INSERT INTO Entries VALUES(1,1,'2021-09-13 00:00:00.000 +00:00','aliquam sit internoetics torquent taciti et eros congue nunc consectetur condimentum',21,'2021-09-17 21:43:37.313 +00:00','2021-09-17 21:43:37.313 +00:00',1,1,1);
INSERT INTO Entries VALUES(2,1,'2021-09-18 00:00:00.000 +00:00','condimentum vitae elit ornare imperdiet porttitor pretium gravida nam',10,'2021-09-17 21:43:37.625 +00:00','2021-09-17 21:43:37.625 +00:00',1,2,1);
INSERT INTO Entries VALUES(3,1,'2021-09-22 00:00:00.000 +00:00','metus interdum dolor primis dapibus inceptos',52,'2021-09-17 21:43:37.825 +00:00','2021-09-17 21:43:37.825 +00:00',1,3,1);
INSERT INTO Entries VALUES(4,1,'2021-09-20 00:00:00.000 +00:00','vestibulum eros dui',3,'2021-09-17 21:43:37.992 +00:00','2021-09-17 21:43:37.992 +00:00',1,2,1);
INSERT INTO Entries VALUES(5,1,'2021-09-21 00:00:00.000 +00:00','mi vestra accumsan at quis nunc curabitur nunc',37,'2021-09-17 21:43:38.113 +00:00','2021-09-17 21:43:38.113 +00:00',1,2,1);
INSERT INTO Entries VALUES(6,1,'2021-09-16 00:00:00.000 +00:00','eros congue nunc consectetur condimentum internoetics sapien elit dapibus ultrices condimentum',52,'2021-09-17 21:43:38.242 +00:00','2021-09-17 21:43:38.242 +00:00',1,3,1);
INSERT INTO Entries VALUES(7,1,'2021-09-22 00:00:00.000 +00:00','conubia felis hac mauris aliquet',26,'2021-09-17 21:43:38.387 +00:00','2021-09-17 21:43:38.387 +00:00',1,2,1);
INSERT INTO Entries VALUES(8,1,'2021-09-18 00:00:00.000 +00:00','internoetics velit odio lorem cursus sapien accumsan commodo inceptos',36,'2021-09-17 21:43:38.556 +00:00','2021-09-17 21:43:38.556 +00:00',1,1,1);
INSERT INTO Entries VALUES(9,1,'2021-09-18 00:00:00.000 +00:00','mauris malesuada dolor sagittis nullam nec vestibulum ante',41,'2021-09-17 21:43:38.651 +00:00','2021-09-17 21:43:38.651 +00:00',1,1,1);
INSERT INTO Entries VALUES(10,1,'2021-09-14 00:00:00.000 +00:00','diam massa dictumst dictum a cursus venenatis',3,'2021-09-17 21:43:38.798 +00:00','2021-09-17 21:43:38.798 +00:00',1,1,1);
INSERT INTO Entries VALUES(11,1,'2021-09-16 00:00:00.000 +00:00','taciti hendrerit aenean pulvinar class faucibus nullam eleifend fringilla gravida',26,'2021-09-17 21:43:38.973 +00:00','2021-09-17 21:43:38.973 +00:00',1,3,1);
INSERT INTO Entries VALUES(12,1,'2021-09-16 00:00:00.000 +00:00','eros tellus ullamcorper dapibus dolor velit ornare placerat dui leo primis velit',12,'2021-09-17 21:43:39.145 +00:00','2021-09-17 21:43:39.145 +00:00',1,3,1);
INSERT INTO Entries VALUES(13,1,'2021-09-13 00:00:00.000 +00:00','sit nostra etiam habitasse tincidunt semper magna diam sapien',34,'2021-09-17 21:43:39.234 +00:00','2021-09-17 21:43:39.234 +00:00',1,1,1);
INSERT INTO Entries VALUES(14,1,'2021-09-19 00:00:00.000 +00:00','mauris curabitur dui auctor elit molestie porta phasellus hac pretium',18,'2021-09-17 21:43:39.353 +00:00','2021-09-17 21:43:39.353 +00:00',1,3,1);
INSERT INTO Entries VALUES(15,1,'2021-09-19 00:00:00.000 +00:00','metus interdum dolor primis dapibus inceptos neque scelerisque scelerisque ornare curabitur',25,'2021-09-17 21:43:39.532 +00:00','2021-09-17 21:43:39.532 +00:00',1,3,1);
INSERT INTO Entries VALUES(16,1,'2021-09-15 00:00:00.000 +00:00','cursus quisque dictum mollis ullamcorper vulputate tempus aptent mollis hac',25,'2021-09-17 21:43:39.693 +00:00','2021-09-17 21:43:39.693 +00:00',1,2,1);
INSERT INTO Entries VALUES(17,1,'2021-09-21 00:00:00.000 +00:00','vehicula dolor purus egestas dolor lacinia elit tellus gravida justo nullam nostra',46,'2021-09-17 21:43:39.836 +00:00','2021-09-17 21:43:39.836 +00:00',1,2,1);
INSERT INTO Entries VALUES(18,1,'2021-09-20 00:00:00.000 +00:00','scelerisque aliquam non platea',32,'2021-09-17 21:43:39.950 +00:00','2021-09-17 21:43:39.950 +00:00',1,3,1);
INSERT INTO Entries VALUES(19,1,'2021-09-18 00:00:00.000 +00:00','a eget vel facilisis',33,'2021-09-17 21:43:40.089 +00:00','2021-09-17 21:43:40.089 +00:00',1,1,1);
INSERT INTO Entries VALUES(20,1,'2021-09-17 00:00:00.000 +00:00','ut hendrerit dui id sem gravida',10,'2021-09-17 21:43:40.245 +00:00','2021-09-17 21:43:40.245 +00:00',1,1,1);
INSERT INTO Entries VALUES(21,1,'2021-09-16 00:00:00.000 +00:00','internoetics aenean dictum sagittis congue ipsum aliquet tortor fusce',13,'2021-09-17 21:43:40.432 +00:00','2021-09-17 21:43:40.432 +00:00',1,1,1);
INSERT INTO Entries VALUES(22,1,'2021-09-21 00:00:00.000 +00:00','pretium quis sagittis libero imperdiet eget platea id odio',37,'2021-09-17 21:43:40.552 +00:00','2021-09-17 21:43:40.552 +00:00',1,2,1);
INSERT INTO Entries VALUES(23,1,'2021-09-20 00:00:00.000 +00:00','mollis id quis curae tellus',18,'2021-09-17 21:43:40.658 +00:00','2021-09-17 21:43:40.658 +00:00',1,2,1);
INSERT INTO Entries VALUES(24,1,'2021-09-17 00:00:00.000 +00:00','in auctor ut massa potenti imperdiet elit leo erat interdum dictum accumsan',20,'2021-09-17 21:43:40.808 +00:00','2021-09-17 21:43:40.808 +00:00',1,3,1);
CREATE TABLE `EntryTags` (`active` TINYINT(1) DEFAULT 1, `createdAt` DATETIME NOT NULL, `updatedAt` DATETIME NOT NULL, `TagId` INTEGER NOT NULL REFERENCES `Tags` (`id`) ON DELETE CASCADE ON UPDATE CASCADE, `EntryId` INTEGER NOT NULL REFERENCES `Entries` (`id`) ON DELETE CASCADE ON UPDATE CASCADE, PRIMARY KEY (`TagId`, `EntryId`));
INSERT INTO EntryTags VALUES(1,'2021-09-17 21:43:37.395 +00:00','2021-09-17 21:43:37.395 +00:00',1,1);
INSERT INTO EntryTags VALUES(1,'2021-09-17 21:43:37.395 +00:00','2021-09-17 21:43:37.395 +00:00',2,1);
INSERT INTO EntryTags VALUES(1,'2021-09-17 21:43:37.662 +00:00','2021-09-17 21:43:37.662 +00:00',1,2);
INSERT INTO EntryTags VALUES(1,'2021-09-17 21:43:37.662 +00:00','2021-09-17 21:43:37.662 +00:00',3,2);
INSERT INTO EntryTags VALUES(1,'2021-09-17 21:43:37.853 +00:00','2021-09-17 21:43:37.853 +00:00',4,3);
INSERT INTO EntryTags VALUES(1,'2021-09-17 21:43:37.853 +00:00','2021-09-17 21:43:37.853 +00:00',3,3);
INSERT INTO EntryTags VALUES(1,'2021-09-17 21:43:38.041 +00:00','2021-09-17 21:43:38.041 +00:00',1,4);
INSERT INTO EntryTags VALUES(1,'2021-09-17 21:43:38.041 +00:00','2021-09-17 21:43:38.041 +00:00',5,4);
INSERT INTO EntryTags VALUES(1,'2021-09-17 21:43:38.140 +00:00','2021-09-17 21:43:38.140 +00:00',1,5);
INSERT INTO EntryTags VALUES(1,'2021-09-17 21:43:38.140 +00:00','2021-09-17 21:43:38.140 +00:00',3,5);
INSERT INTO EntryTags VALUES(1,'2021-09-17 21:43:38.301 +00:00','2021-09-17 21:43:38.301 +00:00',6,6);
INSERT INTO EntryTags VALUES(1,'2021-09-17 21:43:38.301 +00:00','2021-09-17 21:43:38.301 +00:00',2,6);
INSERT INTO EntryTags VALUES(1,'2021-09-17 21:43:38.425 +00:00','2021-09-17 21:43:38.425 +00:00',1,7);
INSERT INTO EntryTags VALUES(1,'2021-09-17 21:43:38.425 +00:00','2021-09-17 21:43:38.425 +00:00',3,7);
INSERT INTO EntryTags VALUES(1,'2021-09-17 21:43:38.587 +00:00','2021-09-17 21:43:38.587 +00:00',6,8);
INSERT INTO EntryTags VALUES(1,'2021-09-17 21:43:38.587 +00:00','2021-09-17 21:43:38.587 +00:00',7,8);
INSERT INTO EntryTags VALUES(1,'2021-09-17 21:43:38.689 +00:00','2021-09-17 21:43:38.689 +00:00',6,9);
INSERT INTO EntryTags VALUES(1,'2021-09-17 21:43:38.689 +00:00','2021-09-17 21:43:38.689 +00:00',5,9);
INSERT INTO EntryTags VALUES(1,'2021-09-17 21:43:38.837 +00:00','2021-09-17 21:43:38.837 +00:00',6,10);
INSERT INTO EntryTags VALUES(1,'2021-09-17 21:43:38.837 +00:00','2021-09-17 21:43:38.837 +00:00',8,10);
INSERT INTO EntryTags VALUES(1,'2021-09-17 21:43:39.018 +00:00','2021-09-17 21:43:39.018 +00:00',6,11);
INSERT INTO EntryTags VALUES(1,'2021-09-17 21:43:39.018 +00:00','2021-09-17 21:43:39.018 +00:00',9,11);
INSERT INTO EntryTags VALUES(1,'2021-09-17 21:43:39.162 +00:00','2021-09-17 21:43:39.162 +00:00',4,12);
INSERT INTO EntryTags VALUES(1,'2021-09-17 21:43:39.162 +00:00','2021-09-17 21:43:39.162 +00:00',10,12);
INSERT INTO EntryTags VALUES(1,'2021-09-17 21:43:39.252 +00:00','2021-09-17 21:43:39.252 +00:00',4,13);
INSERT INTO EntryTags VALUES(1,'2021-09-17 21:43:39.252 +00:00','2021-09-17 21:43:39.252 +00:00',5,13);
INSERT INTO EntryTags VALUES(1,'2021-09-17 21:43:39.396 +00:00','2021-09-17 21:43:39.396 +00:00',11,14);
INSERT INTO EntryTags VALUES(1,'2021-09-17 21:43:39.396 +00:00','2021-09-17 21:43:39.396 +00:00',2,14);
INSERT INTO EntryTags VALUES(1,'2021-09-17 21:43:39.589 +00:00','2021-09-17 21:43:39.589 +00:00',12,15);
INSERT INTO EntryTags VALUES(1,'2021-09-17 21:43:39.589 +00:00','2021-09-17 21:43:39.589 +00:00',3,15);
INSERT INTO EntryTags VALUES(1,'2021-09-17 21:43:39.748 +00:00','2021-09-17 21:43:39.748 +00:00',12,16);
INSERT INTO EntryTags VALUES(1,'2021-09-17 21:43:39.748 +00:00','2021-09-17 21:43:39.748 +00:00',9,16);
INSERT INTO EntryTags VALUES(1,'2021-09-17 21:43:39.848 +00:00','2021-09-17 21:43:39.848 +00:00',11,17);
INSERT INTO EntryTags VALUES(1,'2021-09-17 21:43:39.848 +00:00','2021-09-17 21:43:39.848 +00:00',5,17);
INSERT INTO EntryTags VALUES(1,'2021-09-17 21:43:39.975 +00:00','2021-09-17 21:43:39.975 +00:00',1,18);
INSERT INTO EntryTags VALUES(1,'2021-09-17 21:43:39.975 +00:00','2021-09-17 21:43:39.975 +00:00',3,18);
INSERT INTO EntryTags VALUES(1,'2021-09-17 21:43:40.146 +00:00','2021-09-17 21:43:40.146 +00:00',13,19);
INSERT INTO EntryTags VALUES(1,'2021-09-17 21:43:40.146 +00:00','2021-09-17 21:43:40.146 +00:00',2,19);
INSERT INTO EntryTags VALUES(1,'2021-09-17 21:43:40.278 +00:00','2021-09-17 21:43:40.278 +00:00',12,20);
INSERT INTO EntryTags VALUES(1,'2021-09-17 21:43:40.278 +00:00','2021-09-17 21:43:40.278 +00:00',2,20);
INSERT INTO EntryTags VALUES(1,'2021-09-17 21:43:40.467 +00:00','2021-09-17 21:43:40.467 +00:00',14,21);
INSERT INTO EntryTags VALUES(1,'2021-09-17 21:43:40.467 +00:00','2021-09-17 21:43:40.467 +00:00',15,21);
INSERT INTO EntryTags VALUES(1,'2021-09-17 21:43:40.580 +00:00','2021-09-17 21:43:40.580 +00:00',6,22);
INSERT INTO EntryTags VALUES(1,'2021-09-17 21:43:40.580 +00:00','2021-09-17 21:43:40.580 +00:00',5,22);
INSERT INTO EntryTags VALUES(1,'2021-09-17 21:43:40.694 +00:00','2021-09-17 21:43:40.694 +00:00',4,23);
INSERT INTO EntryTags VALUES(1,'2021-09-17 21:43:40.694 +00:00','2021-09-17 21:43:40.694 +00:00',8,23);
INSERT INTO EntryTags VALUES(1,'2021-09-17 21:43:40.845 +00:00','2021-09-17 21:43:40.845 +00:00',11,24);
INSERT INTO EntryTags VALUES(1,'2021-09-17 21:43:40.845 +00:00','2021-09-17 21:43:40.845 +00:00',16,24);
DELETE FROM sqlite_sequence;
INSERT INTO sqlite_sequence VALUES('Teams',1);
INSERT INTO sqlite_sequence VALUES('Users',1);
INSERT INTO sqlite_sequence VALUES('Tags',16);
INSERT INTO sqlite_sequence VALUES('Projects',3);
INSERT INTO sqlite_sequence VALUES('Entries',24);
COMMIT;
