PRAGMA foreign_keys=OFF;
BEGIN TRANSACTION;
CREATE TABLE `Teams` (`id` INTEGER PRIMARY KEY AUTOINCREMENT, `createdAt` DATETIME NOT NULL, `updatedAt` DATETIME NOT NULL, `deletedAt` DATETIME);
INSERT INTO Teams VALUES(1,'2021-10-17 09:53:30.889 +00:00','2021-10-17 09:53:30.889 +00:00',NULL);
CREATE TABLE `Users` (`id` INTEGER PRIMARY KEY AUTOINCREMENT, `email` VARCHAR(255) NOT NULL UNIQUE, `password` VARCHAR(255) NOT NULL, `passwordResetToken` VARCHAR(255), `passwordResetExpires` DATETIME, `name` VARCHAR(255) NOT NULL, `basicGrant` TINYINT(1) DEFAULT 1, `adminGrant` TINYINT(1) DEFAULT 0, `active` TINYINT(1) DEFAULT 1, `createdAt` DATETIME NOT NULL, `updatedAt` DATETIME NOT NULL, `TeamId` INTEGER REFERENCES `Teams` (`id`) ON DELETE SET NULL ON UPDATE CASCADE);
INSERT INTO Users VALUES(1,'test@email.com','$2b$10$DNlkYBX0Xcebt.SCNjLdyOEPbg/z85zSNFOJ/ixVecD.Nj25iYTUS',NULL,NULL,'test',1,0,1,'2021-10-17 09:53:30.907 +00:00','2021-10-17 09:53:30.907 +00:00',1);
INSERT INTO Users VALUES(2,'vehicula@email.com','$2b$10$GtCCJ9vIR6ZMcWtnT9dLOO4IUmN.5dDXfCY6J0cZ42aRVNuvN/1y2',NULL,NULL,'vehicula',1,0,1,'2021-10-17 09:53:31.001 +00:00','2021-10-17 09:53:31.001 +00:00',1);
INSERT INTO Users VALUES(3,'mattis@email.com','$2b$10$bTTMzKTU2rua0GMRLMD7TOPakFNQY.hsVfu12RXxPwH7laBrmGHaO',NULL,NULL,'mattis',1,0,1,'2021-10-17 09:53:31.102 +00:00','2021-10-17 09:53:31.102 +00:00',1);
INSERT INTO Users VALUES(4,'congue@email.com','$2b$10$VFINxCCeE0CYGo1bx/ekLOYt6xlwjcmNCbu9Ap6xh/EOeF9pWbHbO',NULL,NULL,'congue',1,0,1,'2021-10-17 09:53:31.215 +00:00','2021-10-17 09:53:31.215 +00:00',1);
INSERT INTO Users VALUES(5,'in@email.com','$2b$10$ESaJ4lBWGw0JTpmVkvOUY.J0DAf3oKq9yAiDEXsJHHJeFReq5R8mO',NULL,NULL,'in',1,0,1,'2021-10-17 09:53:31.310 +00:00','2021-10-17 09:53:31.310 +00:00',1);
INSERT INTO Users VALUES(6,'blandit@email.com','$2b$10$WEx9JRyhdhkMtQ0CcZ12Qu.wyPFUN9lOzNCq4iXpZefaVaavQchqK',NULL,NULL,'blandit',1,0,1,'2021-10-17 09:53:31.449 +00:00','2021-10-17 09:53:31.449 +00:00',1);
INSERT INTO Users VALUES(7,'nam@email.com','$2b$10$4dzO0tRNCP/RWmqVpMKgYetrUv/uARRWhsfR1zJMC6ti5mDTt0k2G',NULL,NULL,'nam',1,0,1,'2021-10-17 09:53:31.550 +00:00','2021-10-17 09:53:31.550 +00:00',1);
INSERT INTO Users VALUES(8,'odio@email.com','$2b$10$/MD8nv0d1/KINMXKRjQnYuz3nIhRgnVJtQ7Ek0muEk0j35kWqU0h2',NULL,NULL,'odio',1,0,1,'2021-10-17 09:53:31.668 +00:00','2021-10-17 09:53:31.668 +00:00',1);
INSERT INTO Users VALUES(9,'tellus@email.com','$2b$10$515BdgtuB/s6n9zyoCt/VelIMXitZWbZ6Kd0cNC3KxwbzuCIkCZlK',NULL,NULL,'tellus',1,0,1,'2021-10-17 09:53:31.784 +00:00','2021-10-17 09:53:31.784 +00:00',1);
INSERT INTO Users VALUES(10,'aenean@email.com','$2b$10$ArCtTnvTQHQICAG4qP2xWeN0WGrctpHZft5y8PJ9tx4A3BvH5uYzq',NULL,NULL,'aenean',1,0,1,'2021-10-17 09:53:31.896 +00:00','2021-10-17 09:53:31.896 +00:00',1);
INSERT INTO Users VALUES(11,'sed@email.com','$2b$10$GL3BrLgSCffmFsgztoXn5eiuRoKVwS7onnsMqj/ytKRkoyjr6B4TG',NULL,NULL,'sed',1,0,1,'2021-10-17 09:53:32.047 +00:00','2021-10-17 09:53:32.047 +00:00',1);
INSERT INTO Users VALUES(12,'vel@email.com','$2b$10$klPfQ1KBoOAo662La9Hw.ubsGq4ZXgeWdXfZ8ccwVN2Z1pg.9GmDC',NULL,NULL,'vel',1,0,1,'2021-10-17 09:53:32.141 +00:00','2021-10-17 09:53:32.141 +00:00',1);
CREATE TABLE `Logs` (`id` INTEGER PRIMARY KEY AUTOINCREMENT, `level` VARCHAR(255) NOT NULL, `message` VARCHAR(255) NOT NULL, `meta` VARCHAR(255), `createdAt` DATETIME NOT NULL, `updatedAt` DATETIME NOT NULL, `deletedAt` DATETIME);
CREATE TABLE `Tags` (`id` INTEGER PRIMARY KEY AUTOINCREMENT, `archived` TINYINT(1) DEFAULT 0, `name` VARCHAR(255) NOT NULL, `TeamId` INTEGER NOT NULL REFERENCES `Teams` (`id`) ON DELETE CASCADE ON UPDATE CASCADE, `createdAt` DATETIME NOT NULL, `updatedAt` DATETIME NOT NULL, UNIQUE (`name`, `TeamId`));
INSERT INTO Tags VALUES(1,0,'eros',1,'2021-10-17 09:53:33.066 +00:00','2021-10-17 09:53:33.066 +00:00');
INSERT INTO Tags VALUES(2,0,'diam',1,'2021-10-17 09:53:33.105 +00:00','2021-10-17 09:53:33.105 +00:00');
INSERT INTO Tags VALUES(3,0,'sed',1,'2021-10-17 09:53:33.272 +00:00','2021-10-17 09:53:33.272 +00:00');
INSERT INTO Tags VALUES(4,0,'laoreet',1,'2021-10-17 09:53:33.303 +00:00','2021-10-17 09:53:33.303 +00:00');
INSERT INTO Tags VALUES(5,0,'morti',1,'2021-10-17 09:53:33.489 +00:00','2021-10-17 09:53:33.489 +00:00');
INSERT INTO Tags VALUES(6,0,'ligula',1,'2021-10-17 09:53:33.516 +00:00','2021-10-17 09:53:33.516 +00:00');
INSERT INTO Tags VALUES(7,0,'sit',1,'2021-10-17 09:53:33.729 +00:00','2021-10-17 09:53:33.729 +00:00');
INSERT INTO Tags VALUES(8,0,'urna',1,'2021-10-17 09:53:33.791 +00:00','2021-10-17 09:53:33.791 +00:00');
INSERT INTO Tags VALUES(9,0,'mattis',1,'2021-10-17 09:53:33.928 +00:00','2021-10-17 09:53:33.928 +00:00');
INSERT INTO Tags VALUES(10,0,'adipiscing',1,'2021-10-17 09:53:34.008 +00:00','2021-10-17 09:53:34.008 +00:00');
INSERT INTO Tags VALUES(11,0,'taciti',1,'2021-10-17 09:53:34.200 +00:00','2021-10-17 09:53:34.200 +00:00');
INSERT INTO Tags VALUES(12,0,'facilisis',1,'2021-10-17 09:53:34.252 +00:00','2021-10-17 09:53:34.252 +00:00');
INSERT INTO Tags VALUES(13,0,'maecenas',1,'2021-10-17 09:53:34.371 +00:00','2021-10-17 09:53:34.371 +00:00');
INSERT INTO Tags VALUES(14,0,'lorem',1,'2021-10-17 09:53:34.444 +00:00','2021-10-17 09:53:34.444 +00:00');
INSERT INTO Tags VALUES(15,0,'Ligula',1,'2021-10-17 09:53:34.594 +00:00','2021-10-17 09:53:34.594 +00:00');
INSERT INTO Tags VALUES(16,0,'mauris',1,'2021-10-17 09:53:34.642 +00:00','2021-10-17 09:53:34.642 +00:00');
INSERT INTO Tags VALUES(17,0,'consequat',1,'2021-10-17 09:53:34.821 +00:00','2021-10-17 09:53:34.821 +00:00');
INSERT INTO Tags VALUES(18,0,'habitasse',1,'2021-10-17 09:53:34.868 +00:00','2021-10-17 09:53:34.868 +00:00');
INSERT INTO Tags VALUES(19,0,'purus',1,'2021-10-17 09:53:35.091 +00:00','2021-10-17 09:53:35.091 +00:00');
INSERT INTO Tags VALUES(20,0,'Proin',1,'2021-10-17 09:53:35.218 +00:00','2021-10-17 09:53:35.218 +00:00');
INSERT INTO Tags VALUES(21,0,'hendrerit',1,'2021-10-17 09:53:35.264 +00:00','2021-10-17 09:53:35.264 +00:00');
INSERT INTO Tags VALUES(22,0,'libero',1,'2021-10-17 09:53:35.348 +00:00','2021-10-17 09:53:35.348 +00:00');
INSERT INTO Tags VALUES(23,0,'orci',1,'2021-10-17 09:53:35.432 +00:00','2021-10-17 09:53:35.432 +00:00');
INSERT INTO Tags VALUES(24,0,'phasellus',1,'2021-10-17 09:53:35.719 +00:00','2021-10-17 09:53:35.719 +00:00');
INSERT INTO Tags VALUES(25,0,'malesuada',1,'2021-10-17 09:53:35.781 +00:00','2021-10-17 09:53:35.781 +00:00');
INSERT INTO Tags VALUES(26,0,'ullamcorper',1,'2021-10-17 09:53:35.983 +00:00','2021-10-17 09:53:35.983 +00:00');
INSERT INTO Tags VALUES(27,0,'dapibus',1,'2021-10-17 09:53:36.189 +00:00','2021-10-17 09:53:36.189 +00:00');
INSERT INTO Tags VALUES(28,0,'primis',1,'2021-10-17 09:53:36.377 +00:00','2021-10-17 09:53:36.377 +00:00');
INSERT INTO Tags VALUES(29,0,'sem',1,'2021-10-17 09:53:36.608 +00:00','2021-10-17 09:53:36.608 +00:00');
INSERT INTO Tags VALUES(30,0,'aliquam',1,'2021-10-17 09:53:36.762 +00:00','2021-10-17 09:53:36.762 +00:00');
INSERT INTO Tags VALUES(31,0,'platea',1,'2021-10-17 09:53:36.797 +00:00','2021-10-17 09:53:36.797 +00:00');
INSERT INTO Tags VALUES(32,0,'nec',1,'2021-10-17 09:53:36.934 +00:00','2021-10-17 09:53:36.934 +00:00');
INSERT INTO Tags VALUES(33,0,'molestie',1,'2021-10-17 09:53:36.983 +00:00','2021-10-17 09:53:36.983 +00:00');
INSERT INTO Tags VALUES(34,0,'nulla',1,'2021-10-17 09:53:37.119 +00:00','2021-10-17 09:53:37.119 +00:00');
INSERT INTO Tags VALUES(35,0,'odio',1,'2021-10-17 09:53:37.317 +00:00','2021-10-17 09:53:37.317 +00:00');
INSERT INTO Tags VALUES(36,0,'rhoncus',1,'2021-10-17 09:53:37.364 +00:00','2021-10-17 09:53:37.364 +00:00');
INSERT INTO Tags VALUES(37,0,'nisi',1,'2021-10-17 09:53:37.562 +00:00','2021-10-17 09:53:37.562 +00:00');
INSERT INTO Tags VALUES(38,0,'tellus',1,'2021-10-17 09:53:37.753 +00:00','2021-10-17 09:53:37.753 +00:00');
INSERT INTO Tags VALUES(39,0,'auctor',1,'2021-10-17 09:53:37.796 +00:00','2021-10-17 09:53:37.796 +00:00');
INSERT INTO Tags VALUES(40,0,'Ut',1,'2021-10-17 09:53:37.964 +00:00','2021-10-17 09:53:37.964 +00:00');
INSERT INTO Tags VALUES(41,0,'accumsan',1,'2021-10-17 09:53:38.010 +00:00','2021-10-17 09:53:38.010 +00:00');
INSERT INTO Tags VALUES(42,0,'turpis',1,'2021-10-17 09:53:38.210 +00:00','2021-10-17 09:53:38.210 +00:00');
INSERT INTO Tags VALUES(43,0,'neque',1,'2021-10-17 09:53:38.360 +00:00','2021-10-17 09:53:38.360 +00:00');
INSERT INTO Tags VALUES(44,0,'ultricies',1,'2021-10-17 09:53:38.406 +00:00','2021-10-17 09:53:38.406 +00:00');
INSERT INTO Tags VALUES(45,0,'vel',1,'2021-10-17 09:53:38.689 +00:00','2021-10-17 09:53:38.689 +00:00');
INSERT INTO Tags VALUES(46,0,'praesent',1,'2021-10-17 09:53:38.737 +00:00','2021-10-17 09:53:38.737 +00:00');
INSERT INTO Tags VALUES(47,0,'eget',1,'2021-10-17 09:53:38.909 +00:00','2021-10-17 09:53:38.909 +00:00');
INSERT INTO Tags VALUES(48,0,'eleifend',1,'2021-10-17 09:53:39.307 +00:00','2021-10-17 09:53:39.307 +00:00');
INSERT INTO Tags VALUES(49,0,'consectetur',1,'2021-10-17 09:53:39.709 +00:00','2021-10-17 09:53:39.709 +00:00');
INSERT INTO Tags VALUES(50,0,'porta',1,'2021-10-17 09:53:39.768 +00:00','2021-10-17 09:53:39.768 +00:00');
INSERT INTO Tags VALUES(51,0,'internoetics',1,'2021-10-17 09:53:39.955 +00:00','2021-10-17 09:53:39.955 +00:00');
INSERT INTO Tags VALUES(52,0,'dictumst',1,'2021-10-17 09:53:40.029 +00:00','2021-10-17 09:53:40.029 +00:00');
INSERT INTO Tags VALUES(53,0,'dolor',1,'2021-10-17 09:53:40.147 +00:00','2021-10-17 09:53:40.147 +00:00');
INSERT INTO Tags VALUES(54,0,'in',1,'2021-10-17 09:53:40.330 +00:00','2021-10-17 09:53:40.330 +00:00');
INSERT INTO Tags VALUES(55,0,'metus',1,'2021-10-17 09:53:40.761 +00:00','2021-10-17 09:53:40.761 +00:00');
INSERT INTO Tags VALUES(56,0,'luctus',1,'2021-10-17 09:53:40.965 +00:00','2021-10-17 09:53:40.965 +00:00');
INSERT INTO Tags VALUES(57,0,'blandit',1,'2021-10-17 09:53:41.289 +00:00','2021-10-17 09:53:41.289 +00:00');
INSERT INTO Tags VALUES(58,0,'ac',1,'2021-10-17 09:53:41.330 +00:00','2021-10-17 09:53:41.330 +00:00');
INSERT INTO Tags VALUES(59,0,'a',1,'2021-10-17 09:53:41.902 +00:00','2021-10-17 09:53:41.902 +00:00');
INSERT INTO Tags VALUES(60,0,'suscipit',1,'2021-10-17 09:53:42.314 +00:00','2021-10-17 09:53:42.314 +00:00');
INSERT INTO Tags VALUES(61,0,'Odio',1,'2021-10-17 09:53:43.174 +00:00','2021-10-17 09:53:43.174 +00:00');
INSERT INTO Tags VALUES(62,0,'nisl',1,'2021-10-17 09:53:43.358 +00:00','2021-10-17 09:53:43.358 +00:00');
INSERT INTO Tags VALUES(63,0,'himenaeos',1,'2021-10-17 09:53:43.510 +00:00','2021-10-17 09:53:43.510 +00:00');
INSERT INTO Tags VALUES(64,0,'vestibulum',1,'2021-10-17 09:53:43.717 +00:00','2021-10-17 09:53:43.717 +00:00');
INSERT INTO Tags VALUES(65,0,'sum',1,'2021-10-17 09:53:43.916 +00:00','2021-10-17 09:53:43.916 +00:00');
INSERT INTO Tags VALUES(66,0,'ut',1,'2021-10-17 09:53:44.153 +00:00','2021-10-17 09:53:44.153 +00:00');
INSERT INTO Tags VALUES(67,0,'et',1,'2021-10-17 09:53:44.334 +00:00','2021-10-17 09:53:44.334 +00:00');
INSERT INTO Tags VALUES(68,0,'torquent',1,'2021-10-17 09:53:44.505 +00:00','2021-10-17 09:53:44.505 +00:00');
INSERT INTO Tags VALUES(69,0,'dui',1,'2021-10-17 09:53:44.552 +00:00','2021-10-17 09:53:44.552 +00:00');
INSERT INTO Tags VALUES(70,0,'eu',1,'2021-10-17 09:53:44.738 +00:00','2021-10-17 09:53:44.738 +00:00');
INSERT INTO Tags VALUES(71,0,'vivamus',1,'2021-10-17 09:53:45.158 +00:00','2021-10-17 09:53:45.158 +00:00');
INSERT INTO Tags VALUES(72,0,'amet',1,'2021-10-17 09:53:45.284 +00:00','2021-10-17 09:53:45.284 +00:00');
INSERT INTO Tags VALUES(73,0,'nam',1,'2021-10-17 09:53:45.564 +00:00','2021-10-17 09:53:45.564 +00:00');
INSERT INTO Tags VALUES(74,0,'curabitur',1,'2021-10-17 09:53:45.736 +00:00','2021-10-17 09:53:45.736 +00:00');
INSERT INTO Tags VALUES(75,0,'vitae',1,'2021-10-17 09:53:46.058 +00:00','2021-10-17 09:53:46.058 +00:00');
INSERT INTO Tags VALUES(76,0,'imperdiet',1,'2021-10-17 09:53:46.765 +00:00','2021-10-17 09:53:46.765 +00:00');
INSERT INTO Tags VALUES(77,0,'lacinia',1,'2021-10-17 09:53:46.928 +00:00','2021-10-17 09:53:46.928 +00:00');
INSERT INTO Tags VALUES(78,0,'Mollis',1,'2021-10-17 09:53:47.769 +00:00','2021-10-17 09:53:47.769 +00:00');
INSERT INTO Tags VALUES(79,0,'ante',1,'2021-10-17 09:53:48.811 +00:00','2021-10-17 09:53:48.811 +00:00');
INSERT INTO Tags VALUES(80,0,'proin',1,'2021-10-17 09:53:49.149 +00:00','2021-10-17 09:53:49.149 +00:00');
INSERT INTO Tags VALUES(81,0,'quisque',1,'2021-10-17 09:53:49.726 +00:00','2021-10-17 09:53:49.726 +00:00');
INSERT INTO Tags VALUES(82,0,'vehicula',1,'2021-10-17 09:53:50.109 +00:00','2021-10-17 09:53:50.109 +00:00');
INSERT INTO Tags VALUES(83,0,'suspendisse',1,'2021-10-17 09:53:50.151 +00:00','2021-10-17 09:53:50.151 +00:00');
INSERT INTO Tags VALUES(84,0,'nunc',1,'2021-10-17 09:53:51.020 +00:00','2021-10-17 09:53:51.020 +00:00');
INSERT INTO Tags VALUES(85,0,'fusce',1,'2021-10-17 09:53:52.300 +00:00','2021-10-17 09:53:52.300 +00:00');
INSERT INTO Tags VALUES(86,0,'justo',1,'2021-10-17 09:53:55.088 +00:00','2021-10-17 09:53:55.088 +00:00');
INSERT INTO Tags VALUES(87,0,'gravida',1,'2021-10-17 09:53:55.328 +00:00','2021-10-17 09:53:55.328 +00:00');
INSERT INTO Tags VALUES(88,0,'ipsum',1,'2021-10-17 09:53:56.237 +00:00','2021-10-17 09:53:56.237 +00:00');
INSERT INTO Tags VALUES(89,0,'condimentum',1,'2021-10-17 09:53:56.417 +00:00','2021-10-17 09:53:56.417 +00:00');
INSERT INTO Tags VALUES(90,0,'aptent',1,'2021-10-17 09:53:56.482 +00:00','2021-10-17 09:53:56.482 +00:00');
INSERT INTO Tags VALUES(91,0,'aenean',1,'2021-10-17 09:53:56.790 +00:00','2021-10-17 09:53:56.790 +00:00');
INSERT INTO Tags VALUES(92,0,'dictum',1,'2021-10-17 09:53:58.465 +00:00','2021-10-17 09:53:58.465 +00:00');
INSERT INTO Tags VALUES(93,0,'sapien',1,'2021-10-17 09:54:00.301 +00:00','2021-10-17 09:54:00.301 +00:00');
INSERT INTO Tags VALUES(94,0,'cubilia',1,'2021-10-17 09:54:01.623 +00:00','2021-10-17 09:54:01.623 +00:00');
INSERT INTO Tags VALUES(95,0,'netus',1,'2021-10-17 09:54:01.885 +00:00','2021-10-17 09:54:01.885 +00:00');
CREATE TABLE `Projects` (`id` INTEGER PRIMARY KEY AUTOINCREMENT, `name` VARCHAR(255) NOT NULL, `archived` TINYINT(1) DEFAULT 0, `createdAt` DATETIME NOT NULL, `updatedAt` DATETIME NOT NULL, `TeamId` INTEGER REFERENCES `Teams` (`id`) ON DELETE SET NULL ON UPDATE CASCADE);
INSERT INTO Projects VALUES(1,'internoetics',0,'2021-10-17 09:53:33.008 +00:00','2021-10-17 09:53:33.008 +00:00',1);
INSERT INTO Projects VALUES(2,'phasellus',0,'2021-10-17 09:53:33.194 +00:00','2021-10-17 09:53:33.194 +00:00',1);
INSERT INTO Projects VALUES(3,'consectetur',0,'2021-10-17 09:53:33.378 +00:00','2021-10-17 09:53:33.378 +00:00',1);
INSERT INTO Projects VALUES(4,'accumsan',0,'2021-10-17 09:53:33.631 +00:00','2021-10-17 09:53:33.631 +00:00',1);
INSERT INTO Projects VALUES(5,'sed',0,'2021-10-17 09:53:33.850 +00:00','2021-10-17 09:53:33.850 +00:00',1);
INSERT INTO Projects VALUES(6,'ut',0,'2021-10-17 09:53:34.089 +00:00','2021-10-17 09:53:34.089 +00:00',1);
INSERT INTO Projects VALUES(7,'primis',0,'2021-10-17 09:53:34.714 +00:00','2021-10-17 09:53:34.714 +00:00',1);
INSERT INTO Projects VALUES(8,'ipsum',0,'2021-10-17 09:53:34.972 +00:00','2021-10-17 09:53:34.972 +00:00',1);
INSERT INTO Projects VALUES(9,'blandit',0,'2021-10-17 09:53:35.645 +00:00','2021-10-17 09:53:35.645 +00:00',1);
INSERT INTO Projects VALUES(10,'imperdiet',0,'2021-10-17 09:53:35.864 +00:00','2021-10-17 09:53:35.864 +00:00',1);
INSERT INTO Projects VALUES(11,'nec',0,'2021-10-17 09:53:36.079 +00:00','2021-10-17 09:53:36.079 +00:00',1);
INSERT INTO Projects VALUES(12,'taciti',0,'2021-10-17 09:53:36.509 +00:00','2021-10-17 09:53:36.509 +00:00',1);
INSERT INTO Projects VALUES(13,'potenti',0,'2021-10-17 09:53:36.874 +00:00','2021-10-17 09:53:36.874 +00:00',1);
INSERT INTO Projects VALUES(14,'dui',0,'2021-10-17 09:53:37.050 +00:00','2021-10-17 09:53:37.050 +00:00',1);
INSERT INTO Projects VALUES(15,'dapibus',0,'2021-10-17 09:53:37.250 +00:00','2021-10-17 09:53:37.250 +00:00',1);
INSERT INTO Projects VALUES(16,'amet',0,'2021-10-17 09:53:37.454 +00:00','2021-10-17 09:53:37.454 +00:00',1);
INSERT INTO Projects VALUES(17,'ultrices',0,'2021-10-17 09:53:37.647 +00:00','2021-10-17 09:53:37.647 +00:00',1);
INSERT INTO Projects VALUES(18,'aliquam',0,'2021-10-17 09:53:38.524 +00:00','2021-10-17 09:53:38.524 +00:00',1);
INSERT INTO Projects VALUES(19,'nam',0,'2021-10-17 09:53:38.797 +00:00','2021-10-17 09:53:38.797 +00:00',1);
INSERT INTO Projects VALUES(20,'eleifend',0,'2021-10-17 09:53:39.028 +00:00','2021-10-17 09:53:39.028 +00:00',1);
INSERT INTO Projects VALUES(21,'condimentum',0,'2021-10-17 09:53:39.854 +00:00','2021-10-17 09:53:39.854 +00:00',1);
INSERT INTO Projects VALUES(22,'habitasse',0,'2021-10-17 09:53:40.449 +00:00','2021-10-17 09:53:40.449 +00:00',1);
INSERT INTO Projects VALUES(23,'elit',0,'2021-10-17 09:53:40.853 +00:00','2021-10-17 09:53:40.853 +00:00',1);
INSERT INTO Projects VALUES(24,'ullamcorper',0,'2021-10-17 09:53:41.220 +00:00','2021-10-17 09:53:41.220 +00:00',1);
INSERT INTO Projects VALUES(25,'et',0,'2021-10-17 09:53:41.434 +00:00','2021-10-17 09:53:41.434 +00:00',1);
INSERT INTO Projects VALUES(26,'aenean',0,'2021-10-17 09:53:41.597 +00:00','2021-10-17 09:53:41.597 +00:00',1);
INSERT INTO Projects VALUES(27,'neque',0,'2021-10-17 09:53:42.045 +00:00','2021-10-17 09:53:42.045 +00:00',1);
INSERT INTO Projects VALUES(28,'vel',0,'2021-10-17 09:53:42.202 +00:00','2021-10-17 09:53:42.202 +00:00',1);
INSERT INTO Projects VALUES(29,'justo',0,'2021-10-17 09:53:42.462 +00:00','2021-10-17 09:53:42.462 +00:00',1);
INSERT INTO Projects VALUES(30,'dolor',0,'2021-10-17 09:53:42.761 +00:00','2021-10-17 09:53:42.761 +00:00',1);
INSERT INTO Projects VALUES(31,'sem',0,'2021-10-17 09:53:43.602 +00:00','2021-10-17 09:53:43.602 +00:00',1);
INSERT INTO Projects VALUES(32,'molestie',0,'2021-10-17 09:53:43.809 +00:00','2021-10-17 09:53:43.809 +00:00',1);
INSERT INTO Projects VALUES(33,'libero',0,'2021-10-17 09:53:44.860 +00:00','2021-10-17 09:53:44.860 +00:00',1);
INSERT INTO Projects VALUES(34,'lacinia',0,'2021-10-17 09:53:45.387 +00:00','2021-10-17 09:53:45.387 +00:00',1);
INSERT INTO Projects VALUES(35,'tincidunt',0,'2021-10-17 09:53:45.985 +00:00','2021-10-17 09:53:45.985 +00:00',1);
INSERT INTO Projects VALUES(36,'eros',0,'2021-10-17 09:53:46.416 +00:00','2021-10-17 09:53:46.416 +00:00',1);
INSERT INTO Projects VALUES(37,'odio',0,'2021-10-17 09:53:46.858 +00:00','2021-10-17 09:53:46.858 +00:00',1);
INSERT INTO Projects VALUES(38,'sit',0,'2021-10-17 09:53:47.209 +00:00','2021-10-17 09:53:47.209 +00:00',1);
INSERT INTO Projects VALUES(39,'sapien',0,'2021-10-17 09:53:48.700 +00:00','2021-10-17 09:53:48.700 +00:00',1);
INSERT INTO Projects VALUES(40,'ante',0,'2021-10-17 09:53:49.056 +00:00','2021-10-17 09:53:49.056 +00:00',1);
INSERT INTO Projects VALUES(41,'ultricies',0,'2021-10-17 09:53:49.845 +00:00','2021-10-17 09:53:49.845 +00:00',1);
INSERT INTO Projects VALUES(42,'curabitur',0,'2021-10-17 09:53:50.230 +00:00','2021-10-17 09:53:50.230 +00:00',1);
INSERT INTO Projects VALUES(43,'in',0,'2021-10-17 09:53:50.501 +00:00','2021-10-17 09:53:50.501 +00:00',1);
INSERT INTO Projects VALUES(44,'nunc',0,'2021-10-17 09:53:50.782 +00:00','2021-10-17 09:53:50.782 +00:00',1);
INSERT INTO Projects VALUES(45,'tellus',0,'2021-10-17 09:53:53.327 +00:00','2021-10-17 09:53:53.327 +00:00',1);
INSERT INTO Projects VALUES(46,'torquent',0,'2021-10-17 09:53:55.226 +00:00','2021-10-17 09:53:55.226 +00:00',1);
INSERT INTO Projects VALUES(47,'sagittis',0,'2021-10-17 09:53:56.558 +00:00','2021-10-17 09:53:56.558 +00:00',1);
INSERT INTO Projects VALUES(48,'dictumst',0,'2021-10-17 09:53:58.648 +00:00','2021-10-17 09:53:58.648 +00:00',1);
CREATE TABLE `Entries` (`id` INTEGER PRIMARY KEY AUTOINCREMENT, `date` DATETIME NOT NULL, `description` VARCHAR(255) NOT NULL, `duration` INTEGER, `createdAt` DATETIME NOT NULL, `updatedAt` DATETIME NOT NULL, `TeamId` INTEGER REFERENCES `Teams` (`id`) ON DELETE SET NULL ON UPDATE CASCADE, `ProjectId` INTEGER REFERENCES `Projects` (`id`) ON DELETE SET NULL ON UPDATE CASCADE, `UserId` INTEGER REFERENCES `Users` (`id`) ON DELETE SET NULL ON UPDATE CASCADE);
INSERT INTO Entries VALUES(1,'2021-10-19 00:00:00.000 +00:00','primis velit rhoncus odio semper amet',31,'2021-10-17 09:53:33.030 +00:00','2021-10-17 09:53:33.030 +00:00',1,1,9);
INSERT INTO Entries VALUES(2,'2021-10-20 00:00:00.000 +00:00','tellus aenean sed',1,'2021-10-17 09:53:33.241 +00:00','2021-10-17 09:53:33.241 +00:00',1,2,12);
INSERT INTO Entries VALUES(3,'2021-10-21 00:00:00.000 +00:00','phasellus curabitur curabitur imperdiet congue aptent quisque adipiscing sit',36,'2021-10-17 09:53:33.402 +00:00','2021-10-17 09:53:33.402 +00:00',1,3,5);
INSERT INTO Entries VALUES(4,'2021-10-14 00:00:00.000 +00:00','libero mauris ultricies volutpat tempus',7,'2021-10-17 09:53:33.696 +00:00','2021-10-17 09:53:33.696 +00:00',1,4,10);
INSERT INTO Entries VALUES(5,'2021-10-19 00:00:00.000 +00:00','semper eget dolor laoreet feugiat',30,'2021-10-17 09:53:33.879 +00:00','2021-10-17 09:53:33.879 +00:00',1,5,2);
INSERT INTO Entries VALUES(6,'2021-10-16 00:00:00.000 +00:00','potenti enim ante elit molestie tempus neque sed in vulputate porta',26,'2021-10-17 09:53:34.125 +00:00','2021-10-17 09:53:34.125 +00:00',1,6,12);
INSERT INTO Entries VALUES(7,'2021-10-15 00:00:00.000 +00:00','scelerisque porttitor torquent neque aliquet sapien nec porta',47,'2021-10-17 09:53:34.336 +00:00','2021-10-17 09:53:34.336 +00:00',1,6,5);
INSERT INTO Entries VALUES(8,'2021-10-18 00:00:00.000 +00:00','aliquet habitasse pellentesque at',14,'2021-10-17 09:53:34.572 +00:00','2021-10-17 09:53:34.572 +00:00',1,3,11);
INSERT INTO Entries VALUES(9,'2021-10-15 00:00:00.000 +00:00','diam vehicula nunc dictum nisl fusce nec leo donec purus porta',2,'2021-10-17 09:53:34.735 +00:00','2021-10-17 09:53:34.735 +00:00',1,7,12);
INSERT INTO Entries VALUES(10,'2021-10-12 00:00:00.000 +00:00','ad vehicula scelerisque aliquam non',53,'2021-10-17 09:53:35.024 +00:00','2021-10-17 09:53:35.024 +00:00',1,8,4);
INSERT INTO Entries VALUES(11,'2021-10-19 00:00:00.000 +00:00','lorem vel duis lacus semper egestas molestie nec libero eros felis',18,'2021-10-17 09:53:35.168 +00:00','2021-10-17 09:53:35.168 +00:00',1,3,6);
INSERT INTO Entries VALUES(12,'2021-10-13 00:00:00.000 +00:00','lorem phasellus commodo habitasse',36,'2021-10-17 09:53:35.317 +00:00','2021-10-17 09:53:35.317 +00:00',1,8,5);
INSERT INTO Entries VALUES(13,'2021-10-20 00:00:00.000 +00:00','justo Eros vitae amet per varius amet blandit tincidunt nunc egestas eros',48,'2021-10-17 09:53:35.554 +00:00','2021-10-17 09:53:35.554 +00:00',1,5,5);
INSERT INTO Entries VALUES(14,'2021-10-18 00:00:00.000 +00:00','nunc justo Eros vitae',13,'2021-10-17 09:53:35.679 +00:00','2021-10-17 09:53:35.679 +00:00',1,9,7);
INSERT INTO Entries VALUES(15,'2021-10-15 00:00:00.000 +00:00','ultrices auctor viverra luctus ad dictum mattis sodales justo',6,'2021-10-17 09:53:35.926 +00:00','2021-10-17 09:53:35.926 +00:00',1,10,3);
INSERT INTO Entries VALUES(16,'2021-10-15 00:00:00.000 +00:00','imperdiet curabitur phasellus neque ipsum dolor',41,'2021-10-17 09:53:36.123 +00:00','2021-10-17 09:53:36.123 +00:00',1,11,7);
INSERT INTO Entries VALUES(17,'2021-10-13 00:00:00.000 +00:00','duis libero augue aenean sociosqu vivamus porta praesent dapibus',20,'2021-10-17 09:53:36.321 +00:00','2021-10-17 09:53:36.321 +00:00',1,9,7);
INSERT INTO Entries VALUES(18,'2021-10-21 00:00:00.000 +00:00','curabitur amet tellus a lacinia ipsum ipsum feugiat',8,'2021-10-17 09:53:36.546 +00:00','2021-10-17 09:53:36.546 +00:00',1,12,10);
INSERT INTO Entries VALUES(19,'2021-10-15 00:00:00.000 +00:00','semper tellus nec',31,'2021-10-17 09:53:36.712 +00:00','2021-10-17 09:53:36.712 +00:00',1,5,7);
INSERT INTO Entries VALUES(20,'2021-10-14 00:00:00.000 +00:00','ipsum interdum tellus laoreet id litora facilisis tellus proin pellentesque',4,'2021-10-17 09:53:36.908 +00:00','2021-10-17 09:53:36.908 +00:00',1,13,1);
INSERT INTO Entries VALUES(21,'2021-10-15 00:00:00.000 +00:00','dolor orci mauris',43,'2021-10-17 09:53:37.073 +00:00','2021-10-17 09:53:37.073 +00:00',1,14,3);
INSERT INTO Entries VALUES(22,'2021-10-13 00:00:00.000 +00:00','eros aptent platea',37,'2021-10-17 09:53:37.285 +00:00','2021-10-17 09:53:37.285 +00:00',1,15,3);
INSERT INTO Entries VALUES(23,'2021-10-14 00:00:00.000 +00:00','lorem imperdiet molestie laoreet quisque turpis nunc blandit nam vivamus imperdiet mattis',57,'2021-10-17 09:53:37.506 +00:00','2021-10-17 09:53:37.506 +00:00',1,16,5);
INSERT INTO Entries VALUES(24,'2021-10-15 00:00:00.000 +00:00','primis lorem dictumst lacinia aenean sed amet metus ipsum sagittis',43,'2021-10-17 09:53:37.678 +00:00','2021-10-17 09:53:37.678 +00:00',1,17,6);
INSERT INTO Entries VALUES(25,'2021-10-14 00:00:00.000 +00:00','pretium suspendisse auctor sem libero libero proin sit consectetur',59,'2021-10-17 09:53:37.913 +00:00','2021-10-17 09:53:37.913 +00:00',1,2,9);
INSERT INTO Entries VALUES(26,'2021-10-14 00:00:00.000 +00:00','libero amet ut dapibus nec sem',49,'2021-10-17 09:53:38.127 +00:00','2021-10-17 09:53:38.127 +00:00',1,2,8);
INSERT INTO Entries VALUES(27,'2021-10-16 00:00:00.000 +00:00','ac fusce lorem',13,'2021-10-17 09:53:38.317 +00:00','2021-10-17 09:53:38.317 +00:00',1,9,7);
INSERT INTO Entries VALUES(28,'2021-10-12 00:00:00.000 +00:00','interdum velit vel velit libero augue integer accumsan dui dolor class congue',49,'2021-10-17 09:53:38.549 +00:00','2021-10-17 09:53:38.549 +00:00',1,18,9);
INSERT INTO Entries VALUES(29,'2021-10-17 00:00:00.000 +00:00','egestas turpis nam in iaculis cubilia suspendisse sapien',33,'2021-10-17 09:53:38.606 +00:00','2021-10-17 09:53:38.606 +00:00',1,17,11);
INSERT INTO Entries VALUES(30,'2021-10-19 00:00:00.000 +00:00','nunc pretium amet amet accumsan velit suscipit dapibus',34,'2021-10-17 09:53:38.858 +00:00','2021-10-17 09:53:38.858 +00:00',1,19,11);
INSERT INTO Entries VALUES(31,'2021-10-14 00:00:00.000 +00:00','turpis vulputate facilisis hac',20,'2021-10-17 09:53:39.043 +00:00','2021-10-17 09:53:39.043 +00:00',1,20,6);
INSERT INTO Entries VALUES(32,'2021-10-20 00:00:00.000 +00:00','condimentum taciti donec in id vel ultrices etiam porttitor lacus ornare amet',44,'2021-10-17 09:53:39.141 +00:00','2021-10-17 09:53:39.141 +00:00',1,8,6);
INSERT INTO Entries VALUES(33,'2021-10-13 00:00:00.000 +00:00','etiam porttitor lacus',18,'2021-10-17 09:53:39.234 +00:00','2021-10-17 09:53:39.234 +00:00',1,17,2);
INSERT INTO Entries VALUES(34,'2021-10-17 00:00:00.000 +00:00','eu porta condimentum ultrices purus proin quisque',5,'2021-10-17 09:53:39.398 +00:00','2021-10-17 09:53:39.398 +00:00',1,11,9);
INSERT INTO Entries VALUES(35,'2021-10-19 00:00:00.000 +00:00','platea torquent hendrerit urna lorem imperdiet molestie laoreet quisque turpis nunc',59,'2021-10-17 09:53:39.529 +00:00','2021-10-17 09:53:39.529 +00:00',1,12,11);
INSERT INTO Entries VALUES(36,'2021-10-19 00:00:00.000 +00:00','mollis non porta ornare arcu risus curabitur cursus quisque dictum',6,'2021-10-17 09:53:39.674 +00:00','2021-10-17 09:53:39.674 +00:00',1,16,7);
INSERT INTO Entries VALUES(37,'2021-10-13 00:00:00.000 +00:00','aenean pulvinar class faucibus nullam eleifend',35,'2021-10-17 09:53:39.905 +00:00','2021-10-17 09:53:39.905 +00:00',1,21,10);
INSERT INTO Entries VALUES(38,'2021-10-17 00:00:00.000 +00:00','mollis enim orci nisl orci ut amet libero',18,'2021-10-17 09:53:40.122 +00:00','2021-10-17 09:53:40.122 +00:00',1,15,1);
INSERT INTO Entries VALUES(39,'2021-10-18 00:00:00.000 +00:00','aptent sem lacinia vel magna molestie rutrum convallis eros turpis at',15,'2021-10-17 09:53:40.270 +00:00','2021-10-17 09:53:40.270 +00:00',1,3,12);
INSERT INTO Entries VALUES(40,'2021-10-17 00:00:00.000 +00:00','sit sit sagittis lacus vestibulum cubilia sodales mollis hendrerit platea dictumst fusce',29,'2021-10-17 09:53:40.485 +00:00','2021-10-17 09:53:40.485 +00:00',1,22,10);
INSERT INTO Entries VALUES(41,'2021-10-19 00:00:00.000 +00:00','eu litora vestibulum aenean aliquet molestie id conubia aliquet nam ornare diam',2,'2021-10-17 09:53:40.571 +00:00','2021-10-17 09:53:40.571 +00:00',1,20,1);
INSERT INTO Entries VALUES(42,'2021-10-13 00:00:00.000 +00:00','adipiscing varius magna pharetra vehicula',3,'2021-10-17 09:53:40.702 +00:00','2021-10-17 09:53:40.702 +00:00',1,15,1);
INSERT INTO Entries VALUES(43,'2021-10-15 00:00:00.000 +00:00','velit hendrerit sapien fringilla facilisis per',43,'2021-10-17 09:53:40.881 +00:00','2021-10-17 09:53:40.881 +00:00',1,23,6);
INSERT INTO Entries VALUES(44,'2021-10-15 00:00:00.000 +00:00','tincidunt dictumst molestie ante eleifend accumsan taciti dui ultricies elit',35,'2021-10-17 09:53:41.075 +00:00','2021-10-17 09:53:41.075 +00:00',1,9,5);
INSERT INTO Entries VALUES(45,'2021-10-17 00:00:00.000 +00:00','sit suspendisse nibh massa nullam eros imperdiet adipiscing pretium sagittis quisque eget',55,'2021-10-17 09:53:41.248 +00:00','2021-10-17 09:53:41.248 +00:00',1,24,3);
INSERT INTO Entries VALUES(46,'2021-10-21 00:00:00.000 +00:00','semper etiam Proin turpis',58,'2021-10-17 09:53:41.485 +00:00','2021-10-17 09:53:41.485 +00:00',1,25,8);
INSERT INTO Entries VALUES(47,'2021-10-17 00:00:00.000 +00:00','massa potenti imperdiet elit',24,'2021-10-17 09:53:41.629 +00:00','2021-10-17 09:53:41.629 +00:00',1,26,9);
INSERT INTO Entries VALUES(48,'2021-10-20 00:00:00.000 +00:00','massa dictumst dictum a cursus venenatis aenean habitasse vel',11,'2021-10-17 09:53:41.840 +00:00','2021-10-17 09:53:41.840 +00:00',1,16,6);
INSERT INTO Entries VALUES(49,'2021-10-18 00:00:00.000 +00:00','ornare lorem sed',21,'2021-10-17 09:53:42.081 +00:00','2021-10-17 09:53:42.081 +00:00',1,27,9);
INSERT INTO Entries VALUES(50,'2021-10-19 00:00:00.000 +00:00','purus etiam molestie adipiscing adipiscing praesent sagittis elit',48,'2021-10-17 09:53:42.233 +00:00','2021-10-17 09:53:42.233 +00:00',1,28,2);
INSERT INTO Entries VALUES(51,'2021-10-19 00:00:00.000 +00:00','ornare diam a interdum velit vel velit libero augue integer accumsan dui',51,'2021-10-17 09:53:42.489 +00:00','2021-10-17 09:53:42.489 +00:00',1,29,6);
INSERT INTO Entries VALUES(52,'2021-10-12 00:00:00.000 +00:00','interdum tellus laoreet',23,'2021-10-17 09:53:42.616 +00:00','2021-10-17 09:53:42.616 +00:00',1,23,2);
INSERT INTO Entries VALUES(53,'2021-10-15 00:00:00.000 +00:00','ut proin tortor ornare internoetics velit odio lorem',33,'2021-10-17 09:53:42.790 +00:00','2021-10-17 09:53:42.790 +00:00',1,30,8);
INSERT INTO Entries VALUES(54,'2021-10-14 00:00:00.000 +00:00','rhoncus eu porta condimentum ultrices purus',56,'2021-10-17 09:53:42.900 +00:00','2021-10-17 09:53:42.900 +00:00',1,26,10);
INSERT INTO Entries VALUES(55,'2021-10-17 00:00:00.000 +00:00','lacinia vel magna molestie rutrum convallis eros turpis at ipsum mi',40,'2021-10-17 09:53:43.000 +00:00','2021-10-17 09:53:43.000 +00:00',1,11,4);
INSERT INTO Entries VALUES(56,'2021-10-16 00:00:00.000 +00:00','urna lorem imperdiet molestie laoreet quisque turpis nunc blandit nam vivamus',9,'2021-10-17 09:53:43.111 +00:00','2021-10-17 09:53:43.111 +00:00',1,15,1);
INSERT INTO Entries VALUES(57,'2021-10-14 00:00:00.000 +00:00','odio hendrerit mauris sed',24,'2021-10-17 09:53:43.302 +00:00','2021-10-17 09:53:43.302 +00:00',1,12,9);
INSERT INTO Entries VALUES(58,'2021-10-13 00:00:00.000 +00:00','massa sed quis dictumst lacinia enim lorem mauris malesuada dolor sagittis nullam',31,'2021-10-17 09:53:43.459 +00:00','2021-10-17 09:53:43.459 +00:00',1,27,4);
INSERT INTO Entries VALUES(59,'2021-10-18 00:00:00.000 +00:00','sodales nunc nec facilisis rutrum nunc',52,'2021-10-17 09:53:43.641 +00:00','2021-10-17 09:53:43.641 +00:00',1,31,7);
INSERT INTO Entries VALUES(60,'2021-10-20 00:00:00.000 +00:00','curae tellus ornare quis orci ornare tincidunt magna fusce platea viverra',17,'2021-10-17 09:53:43.858 +00:00','2021-10-17 09:53:43.858 +00:00',1,32,3);
INSERT INTO Entries VALUES(61,'2021-10-18 00:00:00.000 +00:00','habitasse lux justo pretium suspendisse',6,'2021-10-17 09:53:44.124 +00:00','2021-10-17 09:53:44.124 +00:00',1,29,11);
INSERT INTO Entries VALUES(62,'2021-10-21 00:00:00.000 +00:00','molestie adipiscing adipiscing praesent sagittis elit tincidunt gravida purus tempus',43,'2021-10-17 09:53:44.266 +00:00','2021-10-17 09:53:44.266 +00:00',1,15,12);
INSERT INTO Entries VALUES(63,'2021-10-19 00:00:00.000 +00:00','hendrerit quis eros',1,'2021-10-17 09:53:44.428 +00:00','2021-10-17 09:53:44.428 +00:00',1,23,6);
INSERT INTO Entries VALUES(64,'2021-10-20 00:00:00.000 +00:00','nam fringilla massa varius ultrices',54,'2021-10-17 09:53:44.605 +00:00','2021-10-17 09:53:44.605 +00:00',1,29,6);
INSERT INTO Entries VALUES(65,'2021-10-14 00:00:00.000 +00:00','ut leo ut',27,'2021-10-17 09:53:44.694 +00:00','2021-10-17 09:53:44.694 +00:00',1,18,8);
INSERT INTO Entries VALUES(66,'2021-10-13 00:00:00.000 +00:00','nullam hac adipiscing non vitae tempus dui sit inceptos',37,'2021-10-17 09:53:44.943 +00:00','2021-10-17 09:53:44.943 +00:00',1,33,11);
INSERT INTO Entries VALUES(67,'2021-10-16 00:00:00.000 +00:00','nullam interdum accumsan',7,'2021-10-17 09:53:45.096 +00:00','2021-10-17 09:53:45.096 +00:00',1,32,3);
INSERT INTO Entries VALUES(68,'2021-10-20 00:00:00.000 +00:00','tempus neque sed in vulputate',52,'2021-10-17 09:53:45.251 +00:00','2021-10-17 09:53:45.251 +00:00',1,23,2);
INSERT INTO Entries VALUES(69,'2021-10-17 00:00:00.000 +00:00','tempus semper amet sapien quis lobortis',3,'2021-10-17 09:53:45.413 +00:00','2021-10-17 09:53:45.413 +00:00',1,34,11);
INSERT INTO Entries VALUES(70,'2021-10-21 00:00:00.000 +00:00','commodo accumsan mattis morti',16,'2021-10-17 09:53:45.537 +00:00','2021-10-17 09:53:45.537 +00:00',1,14,12);
INSERT INTO Entries VALUES(71,'2021-10-17 00:00:00.000 +00:00','luctus elit cursus',50,'2021-10-17 09:53:45.692 +00:00','2021-10-17 09:53:45.692 +00:00',1,26,12);
INSERT INTO Entries VALUES(72,'2021-10-14 00:00:00.000 +00:00','mauris et orci eros ut',9,'2021-10-17 09:53:45.857 +00:00','2021-10-17 09:53:45.857 +00:00',1,12,6);
INSERT INTO Entries VALUES(73,'2021-10-18 00:00:00.000 +00:00','eleifend hac proin velit amet',17,'2021-10-17 09:53:46.017 +00:00','2021-10-17 09:53:46.017 +00:00',1,35,2);
INSERT INTO Entries VALUES(74,'2021-10-17 00:00:00.000 +00:00','lorem mauris malesuada dolor',35,'2021-10-17 09:53:46.136 +00:00','2021-10-17 09:53:46.136 +00:00',1,9,12);
INSERT INTO Entries VALUES(75,'2021-10-16 00:00:00.000 +00:00','nunc platea velit dui donec ipsum',56,'2021-10-17 09:53:46.270 +00:00','2021-10-17 09:53:46.270 +00:00',1,31,7);
INSERT INTO Entries VALUES(76,'2021-10-13 00:00:00.000 +00:00','aenean pulvinar class faucibus nullam eleifend fringilla gravida donec tempus',21,'2021-10-17 09:53:46.489 +00:00','2021-10-17 09:53:46.489 +00:00',1,36,10);
INSERT INTO Entries VALUES(77,'2021-10-18 00:00:00.000 +00:00','fusce faucibus praesent vitae neque lorem quis',42,'2021-10-17 09:53:46.564 +00:00','2021-10-17 09:53:46.564 +00:00',1,27,6);
INSERT INTO Entries VALUES(78,'2021-10-18 00:00:00.000 +00:00','aenean dictum sagittis congue ipsum aliquet tortor fusce faucibus',13,'2021-10-17 09:53:46.708 +00:00','2021-10-17 09:53:46.708 +00:00',1,21,9);
INSERT INTO Entries VALUES(79,'2021-10-16 00:00:00.000 +00:00','scelerisque hendrerit luctus congue egestas orci in hac id egestas praesent felis',1,'2021-10-17 09:53:46.887 +00:00','2021-10-17 09:53:46.887 +00:00',1,37,11);
INSERT INTO Entries VALUES(80,'2021-10-17 00:00:00.000 +00:00','eros phasellus dolor',54,'2021-10-17 09:53:47.085 +00:00','2021-10-17 09:53:47.085 +00:00',1,26,6);
INSERT INTO Entries VALUES(81,'2021-10-16 00:00:00.000 +00:00','taciti eget dolor mattis hendrerit integer fusce',6,'2021-10-17 09:53:47.244 +00:00','2021-10-17 09:53:47.244 +00:00',1,38,11);
INSERT INTO Entries VALUES(82,'2021-10-21 00:00:00.000 +00:00','inceptos ligula malesuada varius tincidunt adipiscing condimentum semper ut posuere',40,'2021-10-17 09:53:47.343 +00:00','2021-10-17 09:53:47.343 +00:00',1,18,1);
INSERT INTO Entries VALUES(83,'2021-10-18 00:00:00.000 +00:00','pretium auctor sapien mollis vel',56,'2021-10-17 09:53:47.497 +00:00','2021-10-17 09:53:47.497 +00:00',1,33,8);
INSERT INTO Entries VALUES(84,'2021-10-17 00:00:00.000 +00:00','ut felis per augue congue venenatis pretium quis sagittis libero',55,'2021-10-17 09:53:47.616 +00:00','2021-10-17 09:53:47.616 +00:00',1,6,10);
INSERT INTO Entries VALUES(85,'2021-10-13 00:00:00.000 +00:00','accumsan lacus ultricies',47,'2021-10-17 09:53:47.700 +00:00','2021-10-17 09:53:47.700 +00:00',1,6,4);
INSERT INTO Entries VALUES(86,'2021-10-17 00:00:00.000 +00:00','dictumst molestie ante eleifend',34,'2021-10-17 09:53:47.879 +00:00','2021-10-17 09:53:47.879 +00:00',1,37,6);
INSERT INTO Entries VALUES(87,'2021-10-20 00:00:00.000 +00:00','ipsum mi vestra accumsan at quis nunc curabitur',21,'2021-10-17 09:53:48.013 +00:00','2021-10-17 09:53:48.013 +00:00',1,34,12);
INSERT INTO Entries VALUES(88,'2021-10-21 00:00:00.000 +00:00','Eros vitae amet per varius amet blandit tincidunt nunc egestas eros eu',51,'2021-10-17 09:53:48.188 +00:00','2021-10-17 09:53:48.188 +00:00',1,38,5);
INSERT INTO Entries VALUES(89,'2021-10-15 00:00:00.000 +00:00','ipsum platea hendrerit suspendisse malesuada quisque',38,'2021-10-17 09:53:48.322 +00:00','2021-10-17 09:53:48.322 +00:00',1,17,7);
INSERT INTO Entries VALUES(90,'2021-10-20 00:00:00.000 +00:00','varius venenatis diam accumsan phasellus',34,'2021-10-17 09:53:48.426 +00:00','2021-10-17 09:53:48.426 +00:00',1,7,11);
INSERT INTO Entries VALUES(91,'2021-10-13 00:00:00.000 +00:00','posuere aliquam aliquet',23,'2021-10-17 09:53:48.552 +00:00','2021-10-17 09:53:48.552 +00:00',1,16,1);
INSERT INTO Entries VALUES(92,'2021-10-18 00:00:00.000 +00:00','quisque praesent sapien vitae',8,'2021-10-17 09:53:48.735 +00:00','2021-10-17 09:53:48.735 +00:00',1,39,9);
INSERT INTO Entries VALUES(93,'2021-10-13 00:00:00.000 +00:00','congue aptent quisque',17,'2021-10-17 09:53:48.929 +00:00','2021-10-17 09:53:48.929 +00:00',1,5,7);
INSERT INTO Entries VALUES(94,'2021-10-18 00:00:00.000 +00:00','viverra dolor erat eleifend scelerisque',48,'2021-10-17 09:53:49.082 +00:00','2021-10-17 09:53:49.082 +00:00',1,40,1);
INSERT INTO Entries VALUES(95,'2021-10-20 00:00:00.000 +00:00','porttitor torquent neque aliquet sapien nec porta ac vitae lacinia vel',46,'2021-10-17 09:53:49.258 +00:00','2021-10-17 09:53:49.258 +00:00',1,1,9);
INSERT INTO Entries VALUES(96,'2021-10-20 00:00:00.000 +00:00','ut praesent mollis non',38,'2021-10-17 09:53:49.442 +00:00','2021-10-17 09:53:49.442 +00:00',1,35,9);
INSERT INTO Entries VALUES(97,'2021-10-18 00:00:00.000 +00:00','pretium vestibulum sodales elit luceat aliquam id conubia gravida',46,'2021-10-17 09:53:49.564 +00:00','2021-10-17 09:53:49.564 +00:00',1,26,6);
INSERT INTO Entries VALUES(98,'2021-10-16 00:00:00.000 +00:00','fringilla massa varius ultrices massa donec enim imperdiet vivamus purus ut',0,'2021-10-17 09:53:49.670 +00:00','2021-10-17 09:53:49.670 +00:00',1,4,11);
INSERT INTO Entries VALUES(99,'2021-10-20 00:00:00.000 +00:00','curae egestas purus nulla augue vestra',38,'2021-10-17 09:53:49.889 +00:00','2021-10-17 09:53:49.889 +00:00',1,41,2);
INSERT INTO Entries VALUES(100,'2021-10-19 00:00:00.000 +00:00','amet per varius amet blandit tincidunt nunc egestas',48,'2021-10-17 09:53:50.050 +00:00','2021-10-17 09:53:50.050 +00:00',1,39,6);
INSERT INTO Entries VALUES(101,'2021-10-18 00:00:00.000 +00:00','eu litora vestibulum aenean aliquet',5,'2021-10-17 09:53:50.253 +00:00','2021-10-17 09:53:50.253 +00:00',1,42,8);
INSERT INTO Entries VALUES(102,'2021-10-17 00:00:00.000 +00:00','at magna lacus ornare aliquet adipiscing praesent libero',4,'2021-10-17 09:53:50.353 +00:00','2021-10-17 09:53:50.353 +00:00',1,4,12);
INSERT INTO Entries VALUES(103,'2021-10-19 00:00:00.000 +00:00','auctor curae volutpat molestie',3,'2021-10-17 09:53:50.519 +00:00','2021-10-17 09:53:50.519 +00:00',1,43,6);
INSERT INTO Entries VALUES(104,'2021-10-21 00:00:00.000 +00:00','sapien hendrerit lorem congue nulla nunc adipiscing varius magna',14,'2021-10-17 09:53:50.628 +00:00','2021-10-17 09:53:50.628 +00:00',1,2,9);
INSERT INTO Entries VALUES(105,'2021-10-16 00:00:00.000 +00:00','ipsum condimentum a id dolor velit adipiscing nunc',41,'2021-10-17 09:53:50.799 +00:00','2021-10-17 09:53:50.799 +00:00',1,44,2);
INSERT INTO Entries VALUES(106,'2021-10-17 00:00:00.000 +00:00','internoetics aenean dictum sagittis congue ipsum aliquet',31,'2021-10-17 09:53:50.956 +00:00','2021-10-17 09:53:50.956 +00:00',1,7,2);
INSERT INTO Entries VALUES(107,'2021-10-15 00:00:00.000 +00:00','tempus mollis imperdiet ultrices leo quisque taciti',40,'2021-10-17 09:53:51.106 +00:00','2021-10-17 09:53:51.106 +00:00',1,21,11);
INSERT INTO Entries VALUES(108,'2021-10-14 00:00:00.000 +00:00','diam lacus urna porta amet curabitur dictumst aptent',59,'2021-10-17 09:53:51.222 +00:00','2021-10-17 09:53:51.222 +00:00',1,18,6);
INSERT INTO Entries VALUES(109,'2021-10-15 00:00:00.000 +00:00','sapien nec pretium in auctor ut massa potenti',42,'2021-10-17 09:53:51.314 +00:00','2021-10-17 09:53:51.314 +00:00',1,5,2);
INSERT INTO Entries VALUES(110,'2021-10-20 00:00:00.000 +00:00','per augue congue venenatis pretium quis sagittis libero imperdiet eget platea id',8,'2021-10-17 09:53:51.443 +00:00','2021-10-17 09:53:51.443 +00:00',1,43,1);
INSERT INTO Entries VALUES(111,'2021-10-15 00:00:00.000 +00:00','tellus dictum leo hendrerit interdum odio class venenatis etiam molestie non',29,'2021-10-17 09:53:51.573 +00:00','2021-10-17 09:53:51.573 +00:00',1,32,12);
INSERT INTO Entries VALUES(112,'2021-10-14 00:00:00.000 +00:00','quisque praesent sapien vitae primis',52,'2021-10-17 09:53:51.675 +00:00','2021-10-17 09:53:51.675 +00:00',1,5,8);
INSERT INTO Entries VALUES(113,'2021-10-14 00:00:00.000 +00:00','erat class eleifend ante fringilla fermentum donec fringilla aptent volutpat massa',59,'2021-10-17 09:53:51.766 +00:00','2021-10-17 09:53:51.766 +00:00',1,13,1);
INSERT INTO Entries VALUES(114,'2021-10-14 00:00:00.000 +00:00','arcu eleifend molestie',45,'2021-10-17 09:53:51.869 +00:00','2021-10-17 09:53:51.869 +00:00',1,28,6);
INSERT INTO Entries VALUES(115,'2021-10-13 00:00:00.000 +00:00','viverra luctus ad dictum mattis sodales justo habitasse lux justo',5,'2021-10-17 09:53:52.006 +00:00','2021-10-17 09:53:52.006 +00:00',1,13,7);
INSERT INTO Entries VALUES(116,'2021-10-14 00:00:00.000 +00:00','nec vestibulum ante',43,'2021-10-17 09:53:52.137 +00:00','2021-10-17 09:53:52.137 +00:00',1,3,6);
INSERT INTO Entries VALUES(117,'2021-10-15 00:00:00.000 +00:00','sed quis dictumst lacinia enim lorem mauris malesuada dolor sagittis nullam nec',31,'2021-10-17 09:53:52.232 +00:00','2021-10-17 09:53:52.232 +00:00',1,5,3);
INSERT INTO Entries VALUES(118,'2021-10-20 00:00:00.000 +00:00','ut cubilia feugiat eros dictumst odio justo varius faucibus scelerisque dui dapibus',8,'2021-10-17 09:53:52.369 +00:00','2021-10-17 09:53:52.369 +00:00',1,25,9);
INSERT INTO Entries VALUES(119,'2021-10-12 00:00:00.000 +00:00','gravida donec placerat',27,'2021-10-17 09:53:52.527 +00:00','2021-10-17 09:53:52.527 +00:00',1,36,3);
INSERT INTO Entries VALUES(120,'2021-10-21 00:00:00.000 +00:00','conubia aliquet nam',41,'2021-10-17 09:53:52.659 +00:00','2021-10-17 09:53:52.659 +00:00',1,2,6);
INSERT INTO Entries VALUES(121,'2021-10-14 00:00:00.000 +00:00','tortor sed nunc venenatis',50,'2021-10-17 09:53:52.808 +00:00','2021-10-17 09:53:52.808 +00:00',1,42,10);
INSERT INTO Entries VALUES(122,'2021-10-16 00:00:00.000 +00:00','turpis at ipsum mi vestra accumsan at quis nunc',27,'2021-10-17 09:53:52.982 +00:00','2021-10-17 09:53:52.982 +00:00',1,37,10);
INSERT INTO Entries VALUES(123,'2021-10-12 00:00:00.000 +00:00','habitasse pellentesque at taciti hendrerit aenean pulvinar class faucibus nullam',46,'2021-10-17 09:53:53.103 +00:00','2021-10-17 09:53:53.103 +00:00',1,15,11);
INSERT INTO Entries VALUES(124,'2021-10-17 00:00:00.000 +00:00','consectetur sit non posuere in vestibulum arcu',51,'2021-10-17 09:53:53.235 +00:00','2021-10-17 09:53:53.235 +00:00',1,40,8);
INSERT INTO Entries VALUES(125,'2021-10-18 00:00:00.000 +00:00','malesuada taciti vehicula hendrerit lacinia',44,'2021-10-17 09:53:53.359 +00:00','2021-10-17 09:53:53.359 +00:00',1,45,5);
INSERT INTO Entries VALUES(126,'2021-10-13 00:00:00.000 +00:00','morti imperdiet ornare eu',47,'2021-10-17 09:53:53.515 +00:00','2021-10-17 09:53:53.515 +00:00',1,7,12);
INSERT INTO Entries VALUES(127,'2021-10-13 00:00:00.000 +00:00','turpis ultricies curae',47,'2021-10-17 09:53:53.680 +00:00','2021-10-17 09:53:53.680 +00:00',1,14,5);
INSERT INTO Entries VALUES(128,'2021-10-20 00:00:00.000 +00:00','litora aliquam vivamus ut aliquet eu congue dolor at condimentum auctor eros',10,'2021-10-17 09:53:53.772 +00:00','2021-10-17 09:53:53.772 +00:00',1,31,9);
INSERT INTO Entries VALUES(129,'2021-10-19 00:00:00.000 +00:00','ipsum condimentum a id dolor velit adipiscing nunc',5,'2021-10-17 09:53:53.894 +00:00','2021-10-17 09:53:53.894 +00:00',1,23,12);
INSERT INTO Entries VALUES(130,'2021-10-15 00:00:00.000 +00:00','leo etiam libero molestie',56,'2021-10-17 09:53:54.049 +00:00','2021-10-17 09:53:54.049 +00:00',1,25,8);
INSERT INTO Entries VALUES(131,'2021-10-20 00:00:00.000 +00:00','praesent ligula pellentesque a sapien nec pretium in auctor ut',35,'2021-10-17 09:53:54.153 +00:00','2021-10-17 09:53:54.153 +00:00',1,30,12);
INSERT INTO Entries VALUES(132,'2021-10-14 00:00:00.000 +00:00','congue at Eros eros',48,'2021-10-17 09:53:54.274 +00:00','2021-10-17 09:53:54.274 +00:00',1,13,3);
INSERT INTO Entries VALUES(133,'2021-10-13 00:00:00.000 +00:00','curae torquent commodo congue justo sit sit',17,'2021-10-17 09:53:54.365 +00:00','2021-10-17 09:53:54.365 +00:00',1,28,3);
INSERT INTO Entries VALUES(134,'2021-10-16 00:00:00.000 +00:00','cubilia sodales mollis hendrerit platea dictumst fusce ultricies felis viverra eros phasellus',35,'2021-10-17 09:53:54.504 +00:00','2021-10-17 09:53:54.504 +00:00',1,31,12);
INSERT INTO Entries VALUES(135,'2021-10-18 00:00:00.000 +00:00','enim sapien mauris sit',34,'2021-10-17 09:53:54.623 +00:00','2021-10-17 09:53:54.623 +00:00',1,28,3);
INSERT INTO Entries VALUES(136,'2021-10-19 00:00:00.000 +00:00','sum eleifend imperdiet',35,'2021-10-17 09:53:54.743 +00:00','2021-10-17 09:53:54.743 +00:00',1,9,10);
INSERT INTO Entries VALUES(137,'2021-10-16 00:00:00.000 +00:00','dui dolor class congue dapibus proin sagittis nullam blandit sit massa',18,'2021-10-17 09:53:54.916 +00:00','2021-10-17 09:53:54.916 +00:00',1,36,5);
INSERT INTO Entries VALUES(138,'2021-10-13 00:00:00.000 +00:00','non posuere in vestibulum',27,'2021-10-17 09:53:55.036 +00:00','2021-10-17 09:53:55.036 +00:00',1,27,7);
INSERT INTO Entries VALUES(139,'2021-10-15 00:00:00.000 +00:00','proin imperdiet lacinia volutpat nullam rhoncus ligula augue',6,'2021-10-17 09:53:55.266 +00:00','2021-10-17 09:53:55.266 +00:00',1,46,10);
INSERT INTO Entries VALUES(140,'2021-10-18 00:00:00.000 +00:00','nisl metus interdum dolor primis dapibus inceptos neque',35,'2021-10-17 09:53:55.386 +00:00','2021-10-17 09:53:55.386 +00:00',1,38,4);
INSERT INTO Entries VALUES(141,'2021-10-21 00:00:00.000 +00:00','semper dolor nunc justo id velit convallis urna',36,'2021-10-17 09:53:55.533 +00:00','2021-10-17 09:53:55.533 +00:00',1,45,5);
INSERT INTO Entries VALUES(142,'2021-10-14 00:00:00.000 +00:00','tempus aptent mollis hac molestie eros tincidunt ut dictum ac turpis',3,'2021-10-17 09:53:55.665 +00:00','2021-10-17 09:53:55.665 +00:00',1,43,3);
INSERT INTO Entries VALUES(143,'2021-10-16 00:00:00.000 +00:00','massa nullam eros imperdiet adipiscing pretium sagittis quisque eget sum',53,'2021-10-17 09:53:55.764 +00:00','2021-10-17 09:53:55.764 +00:00',1,16,6);
INSERT INTO Entries VALUES(144,'2021-10-20 00:00:00.000 +00:00','nostra lux quam',54,'2021-10-17 09:53:55.901 +00:00','2021-10-17 09:53:55.901 +00:00',1,4,2);
INSERT INTO Entries VALUES(145,'2021-10-14 00:00:00.000 +00:00','non platea consectetur',0,'2021-10-17 09:53:56.050 +00:00','2021-10-17 09:53:56.050 +00:00',1,35,6);
INSERT INTO Entries VALUES(146,'2021-10-20 00:00:00.000 +00:00','eget tempus ligula ornare malesuada est scelerisque',29,'2021-10-17 09:53:56.198 +00:00','2021-10-17 09:53:56.198 +00:00',1,19,3);
INSERT INTO Entries VALUES(147,'2021-10-14 00:00:00.000 +00:00','non platea consectetur lacus porta',8,'2021-10-17 09:53:56.358 +00:00','2021-10-17 09:53:56.358 +00:00',1,1,2);
INSERT INTO Entries VALUES(148,'2021-10-19 00:00:00.000 +00:00','platea sit ornare integer hendrerit ultricies iaculis lacinia mollis nullam',17,'2021-10-17 09:53:56.617 +00:00','2021-10-17 09:53:56.617 +00:00',1,47,4);
INSERT INTO Entries VALUES(149,'2021-10-19 00:00:00.000 +00:00','a id dolor velit adipiscing nunc justo Eros',41,'2021-10-17 09:53:56.720 +00:00','2021-10-17 09:53:56.720 +00:00',1,38,5);
INSERT INTO Entries VALUES(150,'2021-10-21 00:00:00.000 +00:00','curabitur praesent curae aliquet diam dolor lacinia porttitor magna odio et',14,'2021-10-17 09:53:56.895 +00:00','2021-10-17 09:53:56.895 +00:00',1,2,7);
INSERT INTO Entries VALUES(151,'2021-10-20 00:00:00.000 +00:00','aliquet adipiscing praesent libero nostra',8,'2021-10-17 09:53:57.053 +00:00','2021-10-17 09:53:57.053 +00:00',1,18,2);
INSERT INTO Entries VALUES(152,'2021-10-21 00:00:00.000 +00:00','in iaculis cubilia suspendisse sapien',15,'2021-10-17 09:53:57.203 +00:00','2021-10-17 09:53:57.203 +00:00',1,30,5);
INSERT INTO Entries VALUES(153,'2021-10-18 00:00:00.000 +00:00','dapibus accumsan lacus curae hendrerit proin nunc interdum fusce ornare praesent erat',55,'2021-10-17 09:53:57.322 +00:00','2021-10-17 09:53:57.322 +00:00',1,10,6);
INSERT INTO Entries VALUES(154,'2021-10-14 00:00:00.000 +00:00','pretium vestibulum sodales elit luceat',39,'2021-10-17 09:53:57.411 +00:00','2021-10-17 09:53:57.411 +00:00',1,14,4);
INSERT INTO Entries VALUES(155,'2021-10-14 00:00:00.000 +00:00','augue integer accumsan dui',14,'2021-10-17 09:53:57.557 +00:00','2021-10-17 09:53:57.557 +00:00',1,20,11);
INSERT INTO Entries VALUES(156,'2021-10-17 00:00:00.000 +00:00','libero mauris ultricies volutpat tempus dolor',59,'2021-10-17 09:53:57.696 +00:00','2021-10-17 09:53:57.696 +00:00',1,26,4);
INSERT INTO Entries VALUES(157,'2021-10-17 00:00:00.000 +00:00','semper magna diam sapien vel at magna dolor massa lorem nunc vitae',56,'2021-10-17 09:53:57.809 +00:00','2021-10-17 09:53:57.809 +00:00',1,47,9);
INSERT INTO Entries VALUES(158,'2021-10-17 00:00:00.000 +00:00','id eu lorem gravida',18,'2021-10-17 09:53:57.957 +00:00','2021-10-17 09:53:57.957 +00:00',1,13,5);
INSERT INTO Entries VALUES(159,'2021-10-19 00:00:00.000 +00:00','mauris sed velit eleifend lacinia vestibulum lorem odio velit',57,'2021-10-17 09:53:58.106 +00:00','2021-10-17 09:53:58.106 +00:00',1,45,6);
INSERT INTO Entries VALUES(160,'2021-10-12 00:00:00.000 +00:00','vel magna molestie rutrum convallis eros turpis at ipsum mi',30,'2021-10-17 09:53:58.255 +00:00','2021-10-17 09:53:58.255 +00:00',1,28,4);
INSERT INTO Entries VALUES(161,'2021-10-20 00:00:00.000 +00:00','quis et sodales nunc nec facilisis rutrum nunc libero felis viverra',49,'2021-10-17 09:53:58.411 +00:00','2021-10-17 09:53:58.411 +00:00',1,12,3);
INSERT INTO Entries VALUES(162,'2021-10-21 00:00:00.000 +00:00','ipsum platea nec elit adipiscing dolor lacinia molestie quisque mauris platea enim',18,'2021-10-17 09:53:58.549 +00:00','2021-10-17 09:53:58.549 +00:00',1,45,3);
INSERT INTO Entries VALUES(163,'2021-10-20 00:00:00.000 +00:00','id nam aptent ac libero tortor sed nunc venenatis leo inceptos ligula',21,'2021-10-17 09:53:58.698 +00:00','2021-10-17 09:53:58.698 +00:00',1,48,11);
INSERT INTO Entries VALUES(164,'2021-10-18 00:00:00.000 +00:00','facilisis fusce nam libero',31,'2021-10-17 09:53:58.812 +00:00','2021-10-17 09:53:58.812 +00:00',1,48,6);
INSERT INTO Entries VALUES(165,'2021-10-15 00:00:00.000 +00:00','iaculis ut eros aptent platea',34,'2021-10-17 09:53:58.937 +00:00','2021-10-17 09:53:58.937 +00:00',1,6,4);
INSERT INTO Entries VALUES(166,'2021-10-19 00:00:00.000 +00:00','dui quis sem',34,'2021-10-17 09:53:59.101 +00:00','2021-10-17 09:53:59.101 +00:00',1,5,8);
INSERT INTO Entries VALUES(167,'2021-10-17 00:00:00.000 +00:00','dapibus aliquet habitasse',10,'2021-10-17 09:53:59.219 +00:00','2021-10-17 09:53:59.219 +00:00',1,40,5);
INSERT INTO Entries VALUES(168,'2021-10-20 00:00:00.000 +00:00','praesent mattis nisl ut proin platea',0,'2021-10-17 09:53:59.357 +00:00','2021-10-17 09:53:59.357 +00:00',1,9,3);
INSERT INTO Entries VALUES(169,'2021-10-14 00:00:00.000 +00:00','accumsan curabitur quam vivamus',49,'2021-10-17 09:53:59.493 +00:00','2021-10-17 09:53:59.493 +00:00',1,13,10);
INSERT INTO Entries VALUES(170,'2021-10-15 00:00:00.000 +00:00','amet aenean lacus non eleifend sem sodales ipsum dui auctor inceptos',17,'2021-10-17 09:53:59.601 +00:00','2021-10-17 09:53:59.601 +00:00',1,1,4);
INSERT INTO Entries VALUES(171,'2021-10-21 00:00:00.000 +00:00','elit duis libero augue aenean sociosqu vivamus porta praesent dapibus curae',18,'2021-10-17 09:53:59.733 +00:00','2021-10-17 09:53:59.733 +00:00',1,1,6);
INSERT INTO Entries VALUES(172,'2021-10-20 00:00:00.000 +00:00','malesuada est scelerisque ornare lorem sed vehicula sapien sodales sapien arcu',36,'2021-10-17 09:53:59.929 +00:00','2021-10-17 09:53:59.929 +00:00',1,43,3);
INSERT INTO Entries VALUES(173,'2021-10-13 00:00:00.000 +00:00','interdum congue curae egestas purus nulla augue vestra at magna lacus',49,'2021-10-17 09:54:00.106 +00:00','2021-10-17 09:54:00.106 +00:00',1,37,7);
INSERT INTO Entries VALUES(174,'2021-10-20 00:00:00.000 +00:00','sit ut vel eros aenean tempus nulla',28,'2021-10-17 09:54:00.250 +00:00','2021-10-17 09:54:00.250 +00:00',1,28,6);
INSERT INTO Entries VALUES(175,'2021-10-15 00:00:00.000 +00:00','neque tellus internoetics augue condimentum vitae elit ornare imperdiet porttitor',43,'2021-10-17 09:54:00.425 +00:00','2021-10-17 09:54:00.425 +00:00',1,2,5);
INSERT INTO Entries VALUES(176,'2021-10-19 00:00:00.000 +00:00','consectetur tincidunt consequat elit enim mauris diam potenti lux fusce',8,'2021-10-17 09:54:00.596 +00:00','2021-10-17 09:54:00.596 +00:00',1,9,7);
INSERT INTO Entries VALUES(177,'2021-10-18 00:00:00.000 +00:00','ut massa potenti imperdiet elit leo',7,'2021-10-17 09:54:00.721 +00:00','2021-10-17 09:54:00.721 +00:00',1,41,10);
INSERT INTO Entries VALUES(178,'2021-10-14 00:00:00.000 +00:00','adipiscing internoetics at pellentesque ad',58,'2021-10-17 09:54:00.837 +00:00','2021-10-17 09:54:00.837 +00:00',1,30,6);
INSERT INTO Entries VALUES(179,'2021-10-18 00:00:00.000 +00:00','habitasse aenean laoreet elit molestie est eleifend',45,'2021-10-17 09:54:00.937 +00:00','2021-10-17 09:54:00.937 +00:00',1,34,2);
INSERT INTO Entries VALUES(180,'2021-10-18 00:00:00.000 +00:00','ornare imperdiet porttitor',47,'2021-10-17 09:54:01.081 +00:00','2021-10-17 09:54:01.081 +00:00',1,43,5);
INSERT INTO Entries VALUES(181,'2021-10-16 00:00:00.000 +00:00','dictumst mollis ad eros sit imperdiet',39,'2021-10-17 09:54:01.213 +00:00','2021-10-17 09:54:01.213 +00:00',1,47,10);
INSERT INTO Entries VALUES(182,'2021-10-17 00:00:00.000 +00:00','molestie est eleifend aenean ad inceptos proin magna',56,'2021-10-17 09:54:01.292 +00:00','2021-10-17 09:54:01.292 +00:00',1,31,7);
INSERT INTO Entries VALUES(183,'2021-10-15 00:00:00.000 +00:00','nullam turpis vulputate facilisis hac adipiscing',30,'2021-10-17 09:54:01.418 +00:00','2021-10-17 09:54:01.418 +00:00',1,14,5);
INSERT INTO Entries VALUES(184,'2021-10-20 00:00:00.000 +00:00','eros sit suspendisse nibh massa nullam eros imperdiet adipiscing pretium sagittis',17,'2021-10-17 09:54:01.581 +00:00','2021-10-17 09:54:01.581 +00:00',1,37,3);
INSERT INTO Entries VALUES(185,'2021-10-16 00:00:00.000 +00:00','feugiat eros dictumst odio',9,'2021-10-17 09:54:01.711 +00:00','2021-10-17 09:54:01.711 +00:00',1,18,5);
INSERT INTO Entries VALUES(186,'2021-10-19 00:00:00.000 +00:00','sapien potenti turpis egestas potenti enim ante elit molestie tempus neque',5,'2021-10-17 09:54:01.847 +00:00','2021-10-17 09:54:01.847 +00:00',1,43,8);
INSERT INTO Entries VALUES(187,'2021-10-20 00:00:00.000 +00:00','potenti turpis egestas potenti enim ante',46,'2021-10-17 09:54:01.997 +00:00','2021-10-17 09:54:01.997 +00:00',1,26,1);
INSERT INTO Entries VALUES(188,'2021-10-16 00:00:00.000 +00:00','condimentum gravida interdum',59,'2021-10-17 09:54:02.148 +00:00','2021-10-17 09:54:02.148 +00:00',1,21,7);
INSERT INTO Entries VALUES(189,'2021-10-15 00:00:00.000 +00:00','augue nostra libero ultrices eleifend imperdiet platea vel praesent',9,'2021-10-17 09:54:02.291 +00:00','2021-10-17 09:54:02.291 +00:00',1,8,6);
INSERT INTO Entries VALUES(190,'2021-10-14 00:00:00.000 +00:00','ornare amet magna',6,'2021-10-17 09:54:02.426 +00:00','2021-10-17 09:54:02.426 +00:00',1,31,10);
INSERT INTO Entries VALUES(191,'2021-10-12 00:00:00.000 +00:00','malesuada est scelerisque ornare lorem sed vehicula sapien sodales sapien arcu scelerisque',36,'2021-10-17 09:54:02.539 +00:00','2021-10-17 09:54:02.539 +00:00',1,39,1);
INSERT INTO Entries VALUES(192,'2021-10-14 00:00:00.000 +00:00','mauris malesuada dolor sagittis nullam nec',51,'2021-10-17 09:54:02.630 +00:00','2021-10-17 09:54:02.630 +00:00',1,37,3);
INSERT INTO Entries VALUES(193,'2021-10-21 00:00:00.000 +00:00','pretium sagittis quisque',36,'2021-10-17 09:54:02.745 +00:00','2021-10-17 09:54:02.745 +00:00',1,20,3);
INSERT INTO Entries VALUES(194,'2021-10-13 00:00:00.000 +00:00','facilisis fusce nam libero mollis vel',24,'2021-10-17 09:54:02.846 +00:00','2021-10-17 09:54:02.846 +00:00',1,33,4);
INSERT INTO Entries VALUES(195,'2021-10-14 00:00:00.000 +00:00','elit ullamcorper accumsan habitasse congue vestibulum aptent',45,'2021-10-17 09:54:02.982 +00:00','2021-10-17 09:54:02.982 +00:00',1,33,10);
INSERT INTO Entries VALUES(196,'2021-10-15 00:00:00.000 +00:00','torquent ultricies neque diam orci sagittis',36,'2021-10-17 09:54:03.084 +00:00','2021-10-17 09:54:03.084 +00:00',1,23,5);
INSERT INTO Entries VALUES(197,'2021-10-17 00:00:00.000 +00:00','nec eros imperdiet semper dolor nunc',51,'2021-10-17 09:54:03.170 +00:00','2021-10-17 09:54:03.170 +00:00',1,25,1);
INSERT INTO Entries VALUES(198,'2021-10-17 00:00:00.000 +00:00','donec mollis tortor ut',48,'2021-10-17 09:54:03.336 +00:00','2021-10-17 09:54:03.336 +00:00',1,14,9);
INSERT INTO Entries VALUES(199,'2021-10-20 00:00:00.000 +00:00','ut vehicula ligula vehicula hendrerit donec phasellus justo amet',21,'2021-10-17 09:54:03.457 +00:00','2021-10-17 09:54:03.457 +00:00',1,36,4);
INSERT INTO Entries VALUES(200,'2021-10-21 00:00:00.000 +00:00','luceat conubia felis hac mauris aliquet venenatis diam',13,'2021-10-17 09:54:03.581 +00:00','2021-10-17 09:54:03.581 +00:00',1,27,11);
INSERT INTO Entries VALUES(201,'2021-10-14 00:00:00.000 +00:00','arcu pharetra sagittis',1,'2021-10-17 09:54:03.715 +00:00','2021-10-17 09:54:03.715 +00:00',1,27,9);
INSERT INTO Entries VALUES(202,'2021-10-14 00:00:00.000 +00:00','leo erat interdum dictum accumsan curabitur quam vivamus vulputate',28,'2021-10-17 09:54:03.810 +00:00','2021-10-17 09:54:03.810 +00:00',1,28,10);
INSERT INTO Entries VALUES(203,'2021-10-19 00:00:00.000 +00:00','vehicula mattis congue in blandit nam odio tellus aenean sed vel justo',53,'2021-10-17 09:54:03.960 +00:00','2021-10-17 09:54:03.960 +00:00',1,44,7);
INSERT INTO Entries VALUES(204,'2021-10-17 00:00:00.000 +00:00','volutpat scelerisque adipiscing ipsum etiam',33,'2021-10-17 09:54:04.109 +00:00','2021-10-17 09:54:04.109 +00:00',1,6,6);
INSERT INTO Entries VALUES(205,'2021-10-16 00:00:00.000 +00:00','lorem per non hendrerit ipsum blandit',56,'2021-10-17 09:54:04.234 +00:00','2021-10-17 09:54:04.234 +00:00',1,3,11);
INSERT INTO Entries VALUES(206,'2021-10-15 00:00:00.000 +00:00','semper tellus nec',13,'2021-10-17 09:54:04.348 +00:00','2021-10-17 09:54:04.348 +00:00',1,47,6);
INSERT INTO Entries VALUES(207,'2021-10-21 00:00:00.000 +00:00','nunc hac dui sit ipsum nullam interdum accumsan magna nec fringilla habitasse',13,'2021-10-17 09:54:04.483 +00:00','2021-10-17 09:54:04.483 +00:00',1,44,12);
INSERT INTO Entries VALUES(208,'2021-10-16 00:00:00.000 +00:00','odio et blandit vestibulum varius et auctor dolor orci mauris',41,'2021-10-17 09:54:04.641 +00:00','2021-10-17 09:54:04.641 +00:00',1,35,5);
INSERT INTO Entries VALUES(209,'2021-10-12 00:00:00.000 +00:00','orci potenti ligula dictumst lacinia',49,'2021-10-17 09:54:04.791 +00:00','2021-10-17 09:54:04.791 +00:00',1,48,2);
INSERT INTO Entries VALUES(210,'2021-10-14 00:00:00.000 +00:00','proin velit amet luceat quisque lorem praesent urna eleifend adipiscing',50,'2021-10-17 09:54:04.910 +00:00','2021-10-17 09:54:04.910 +00:00',1,17,1);
INSERT INTO Entries VALUES(211,'2021-10-19 00:00:00.000 +00:00','lacus non eleifend sem sodales ipsum dui auctor inceptos',9,'2021-10-17 09:54:05.029 +00:00','2021-10-17 09:54:05.029 +00:00',1,2,11);
INSERT INTO Entries VALUES(212,'2021-10-15 00:00:00.000 +00:00','nisl volutpat scelerisque adipiscing',25,'2021-10-17 09:54:05.157 +00:00','2021-10-17 09:54:05.157 +00:00',1,24,5);
INSERT INTO Entries VALUES(213,'2021-10-14 00:00:00.000 +00:00','porta fusce tincidunt morti tortor varius venenatis diam',15,'2021-10-17 09:54:05.297 +00:00','2021-10-17 09:54:05.297 +00:00',1,5,1);
INSERT INTO Entries VALUES(214,'2021-10-14 00:00:00.000 +00:00','placerat venenatis condimentum per purus posuere sit',17,'2021-10-17 09:54:05.395 +00:00','2021-10-17 09:54:05.395 +00:00',1,30,3);
INSERT INTO Entries VALUES(215,'2021-10-20 00:00:00.000 +00:00','sem lacinia vel magna molestie rutrum convallis eros turpis at',8,'2021-10-17 09:54:05.565 +00:00','2021-10-17 09:54:05.565 +00:00',1,25,3);
INSERT INTO Entries VALUES(216,'2021-10-14 00:00:00.000 +00:00','suscipit condimentum elit aenean libero mauris ultricies volutpat tempus',59,'2021-10-17 09:54:05.706 +00:00','2021-10-17 09:54:05.706 +00:00',1,3,3);
INSERT INTO Entries VALUES(217,'2021-10-19 00:00:00.000 +00:00','porta fusce tincidunt',46,'2021-10-17 09:54:05.822 +00:00','2021-10-17 09:54:05.822 +00:00',1,9,3);
INSERT INTO Entries VALUES(218,'2021-10-16 00:00:00.000 +00:00','lorem vel duis lacus',37,'2021-10-17 09:54:05.990 +00:00','2021-10-17 09:54:05.990 +00:00',1,5,1);
INSERT INTO Entries VALUES(219,'2021-10-14 00:00:00.000 +00:00','faucibus nam blandit sodales nunc mi dui molestie',46,'2021-10-17 09:54:06.099 +00:00','2021-10-17 09:54:06.099 +00:00',1,37,10);
INSERT INTO Entries VALUES(220,'2021-10-13 00:00:00.000 +00:00','internoetics sapien elit dapibus ultrices condimentum aenean sagittis potenti justo',38,'2021-10-17 09:54:06.232 +00:00','2021-10-17 09:54:06.232 +00:00',1,41,7);
INSERT INTO Entries VALUES(221,'2021-10-20 00:00:00.000 +00:00','vehicula ligula vehicula hendrerit donec phasellus justo amet aptent nunc leo',23,'2021-10-17 09:54:06.345 +00:00','2021-10-17 09:54:06.345 +00:00',1,17,9);
INSERT INTO Entries VALUES(222,'2021-10-14 00:00:00.000 +00:00','augue pharetra libero ornare lorem per',36,'2021-10-17 09:54:06.432 +00:00','2021-10-17 09:54:06.432 +00:00',1,21,6);
INSERT INTO Entries VALUES(223,'2021-10-18 00:00:00.000 +00:00','interdum ac facilisis sed',4,'2021-10-17 09:54:06.586 +00:00','2021-10-17 09:54:06.586 +00:00',1,10,10);
INSERT INTO Entries VALUES(224,'2021-10-18 00:00:00.000 +00:00','laoreet accumsan lacus ultricies elit augue turpis internoetics neque leo',47,'2021-10-17 09:54:06.718 +00:00','2021-10-17 09:54:06.718 +00:00',1,32,4);
INSERT INTO Entries VALUES(225,'2021-10-19 00:00:00.000 +00:00','sit ornare integer hendrerit ultricies iaculis lacinia mollis nullam',18,'2021-10-17 09:54:06.830 +00:00','2021-10-17 09:54:06.830 +00:00',1,36,11);
INSERT INTO Entries VALUES(226,'2021-10-15 00:00:00.000 +00:00','dolor velit ornare placerat dui leo primis velit',11,'2021-10-17 09:54:06.968 +00:00','2021-10-17 09:54:06.968 +00:00',1,14,12);
INSERT INTO Entries VALUES(227,'2021-10-16 00:00:00.000 +00:00','sociosqu vivamus porta praesent dapibus curae semper tellus nec dui',27,'2021-10-17 09:54:07.094 +00:00','2021-10-17 09:54:07.094 +00:00',1,40,10);
INSERT INTO Entries VALUES(228,'2021-10-13 00:00:00.000 +00:00','blandit tincidunt nunc egestas eros',59,'2021-10-17 09:54:07.184 +00:00','2021-10-17 09:54:07.184 +00:00',1,35,11);
INSERT INTO Entries VALUES(229,'2021-10-12 00:00:00.000 +00:00','id vel ultrices etiam porttitor lacus ornare amet magna platea elit tempus',38,'2021-10-17 09:54:07.326 +00:00','2021-10-17 09:54:07.326 +00:00',1,9,10);
INSERT INTO Entries VALUES(230,'2021-10-12 00:00:00.000 +00:00','primis mauris hendrerit sit ut vel',48,'2021-10-17 09:54:07.454 +00:00','2021-10-17 09:54:07.454 +00:00',1,19,1);
INSERT INTO Entries VALUES(231,'2021-10-15 00:00:00.000 +00:00','gravida donec tempus diam massa dictumst dictum',51,'2021-10-17 09:54:07.572 +00:00','2021-10-17 09:54:07.572 +00:00',1,34,4);
INSERT INTO Entries VALUES(232,'2021-10-21 00:00:00.000 +00:00','posuere massa curabitur curabitur luceat conubia felis hac mauris aliquet venenatis diam',32,'2021-10-17 09:54:07.710 +00:00','2021-10-17 09:54:07.710 +00:00',1,20,4);
INSERT INTO Entries VALUES(233,'2021-10-17 00:00:00.000 +00:00','phasellus hac pretium purus hendrerit',59,'2021-10-17 09:54:07.815 +00:00','2021-10-17 09:54:07.815 +00:00',1,18,6);
INSERT INTO Entries VALUES(234,'2021-10-13 00:00:00.000 +00:00','libero augue integer',7,'2021-10-17 09:54:07.938 +00:00','2021-10-17 09:54:07.938 +00:00',1,5,6);
INSERT INTO Entries VALUES(235,'2021-10-18 00:00:00.000 +00:00','ut cubilia feugiat eros dictumst odio justo varius faucibus',3,'2021-10-17 09:54:08.089 +00:00','2021-10-17 09:54:08.089 +00:00',1,32,2);
INSERT INTO Entries VALUES(236,'2021-10-15 00:00:00.000 +00:00','ut proin tortor ornare internoetics velit',14,'2021-10-17 09:54:08.198 +00:00','2021-10-17 09:54:08.198 +00:00',1,24,7);
INSERT INTO Entries VALUES(237,'2021-10-21 00:00:00.000 +00:00','dictum mattis sodales justo habitasse lux justo pretium',47,'2021-10-17 09:54:08.287 +00:00','2021-10-17 09:54:08.287 +00:00',1,14,7);
INSERT INTO Entries VALUES(238,'2021-10-19 00:00:00.000 +00:00','nunc leo curabitur non nulla turpis condimentum vel quisque',16,'2021-10-17 09:54:08.418 +00:00','2021-10-17 09:54:08.418 +00:00',1,16,12);
INSERT INTO Entries VALUES(239,'2021-10-20 00:00:00.000 +00:00','eros phasellus dolor velit hendrerit sapien fringilla facilisis per eleifend imperdiet',49,'2021-10-17 09:54:08.557 +00:00','2021-10-17 09:54:08.557 +00:00',1,10,7);
INSERT INTO Entries VALUES(240,'2021-10-20 00:00:00.000 +00:00','velit libero inceptos nisl volutpat scelerisque adipiscing ipsum etiam laoreet viverra',21,'2021-10-17 09:54:08.704 +00:00','2021-10-17 09:54:08.704 +00:00',1,33,1);
INSERT INTO Entries VALUES(241,'2021-10-16 00:00:00.000 +00:00','tincidunt nunc egestas eros eu potenti taciti odio vitae id',14,'2021-10-17 09:54:08.833 +00:00','2021-10-17 09:54:08.833 +00:00',1,7,5);
INSERT INTO Entries VALUES(242,'2021-10-21 00:00:00.000 +00:00','mollis ullamcorper vulputate tempus',14,'2021-10-17 09:54:08.927 +00:00','2021-10-17 09:54:08.927 +00:00',1,47,2);
INSERT INTO Entries VALUES(243,'2021-10-19 00:00:00.000 +00:00','porttitor torquent neque aliquet sapien nec porta ac vitae lacinia',9,'2021-10-17 09:54:09.049 +00:00','2021-10-17 09:54:09.049 +00:00',1,25,12);
INSERT INTO Entries VALUES(244,'2021-10-13 00:00:00.000 +00:00','a id dolor velit adipiscing nunc justo Eros vitae amet per varius',0,'2021-10-17 09:54:09.185 +00:00','2021-10-17 09:54:09.185 +00:00',1,23,12);
INSERT INTO Entries VALUES(245,'2021-10-20 00:00:00.000 +00:00','eros sit imperdiet libero turpis ut per hendrerit quis eros ac',25,'2021-10-17 09:54:09.346 +00:00','2021-10-17 09:54:09.346 +00:00',1,2,3);
INSERT INTO Entries VALUES(246,'2021-10-16 00:00:00.000 +00:00','torquent ultricies neque diam orci sagittis ligula',5,'2021-10-17 09:54:09.441 +00:00','2021-10-17 09:54:09.441 +00:00',1,45,11);
INSERT INTO Entries VALUES(247,'2021-10-20 00:00:00.000 +00:00','velit amet luceat quisque lorem praesent urna',31,'2021-10-17 09:54:09.577 +00:00','2021-10-17 09:54:09.577 +00:00',1,8,5);
INSERT INTO Entries VALUES(248,'2021-10-13 00:00:00.000 +00:00','malesuada venenatis vestibulum arcu pharetra sagittis condimentum',40,'2021-10-17 09:54:09.714 +00:00','2021-10-17 09:54:09.714 +00:00',1,2,6);
INSERT INTO Entries VALUES(249,'2021-10-17 00:00:00.000 +00:00','etiam eros sit suspendisse nibh massa nullam eros imperdiet adipiscing pretium sagittis',2,'2021-10-17 09:54:09.842 +00:00','2021-10-17 09:54:09.842 +00:00',1,29,11);
INSERT INTO Entries VALUES(250,'2021-10-18 00:00:00.000 +00:00','donec luctus elit cursus',59,'2021-10-17 09:54:09.956 +00:00','2021-10-17 09:54:09.956 +00:00',1,41,9);
INSERT INTO Entries VALUES(251,'2021-10-12 00:00:00.000 +00:00','taciti internoetics aenean dictum sagittis congue ipsum aliquet tortor fusce faucibus',12,'2021-10-17 09:54:10.038 +00:00','2021-10-17 09:54:10.038 +00:00',1,34,11);
INSERT INTO Entries VALUES(252,'2021-10-21 00:00:00.000 +00:00','taciti eget dolor mattis',27,'2021-10-17 09:54:10.122 +00:00','2021-10-17 09:54:10.122 +00:00',1,8,12);
INSERT INTO Entries VALUES(253,'2021-10-17 00:00:00.000 +00:00','imperdiet auctor laoreet ultricies ad id hendrerit hendrerit porta accumsan',5,'2021-10-17 09:54:10.190 +00:00','2021-10-17 09:54:10.190 +00:00',1,38,1);
INSERT INTO Entries VALUES(254,'2021-10-20 00:00:00.000 +00:00','ipsum sagittis ipsum torquent ultricies neque',28,'2021-10-17 09:54:10.380 +00:00','2021-10-17 09:54:10.380 +00:00',1,2,1);
INSERT INTO Entries VALUES(255,'2021-10-15 00:00:00.000 +00:00','inceptos ligula malesuada varius tincidunt adipiscing condimentum semper',26,'2021-10-17 09:54:10.579 +00:00','2021-10-17 09:54:10.579 +00:00',1,17,7);
INSERT INTO Entries VALUES(256,'2021-10-18 00:00:00.000 +00:00','aptent scelerisque velit libero inceptos',53,'2021-10-17 09:54:10.744 +00:00','2021-10-17 09:54:10.744 +00:00',1,5,5);
CREATE TABLE `EntryTags` (`createdAt` DATETIME NOT NULL, `updatedAt` DATETIME NOT NULL, `TagId` INTEGER NOT NULL REFERENCES `Tags` (`id`) ON DELETE CASCADE ON UPDATE CASCADE, `EntryId` INTEGER NOT NULL REFERENCES `Entries` (`id`) ON DELETE CASCADE ON UPDATE CASCADE, PRIMARY KEY (`TagId`, `EntryId`));
INSERT INTO EntryTags VALUES('2021-10-17 09:53:33.141 +00:00','2021-10-17 09:53:33.141 +00:00',1,1);
INSERT INTO EntryTags VALUES('2021-10-17 09:53:33.141 +00:00','2021-10-17 09:53:33.141 +00:00',2,1);
INSERT INTO EntryTags VALUES('2021-10-17 09:53:33.341 +00:00','2021-10-17 09:53:33.341 +00:00',3,2);
INSERT INTO EntryTags VALUES('2021-10-17 09:53:33.341 +00:00','2021-10-17 09:53:33.341 +00:00',4,2);
INSERT INTO EntryTags VALUES('2021-10-17 09:53:33.598 +00:00','2021-10-17 09:53:33.598 +00:00',5,3);
INSERT INTO EntryTags VALUES('2021-10-17 09:53:33.598 +00:00','2021-10-17 09:53:33.598 +00:00',6,3);
INSERT INTO EntryTags VALUES('2021-10-17 09:53:33.816 +00:00','2021-10-17 09:53:33.816 +00:00',7,4);
INSERT INTO EntryTags VALUES('2021-10-17 09:53:33.816 +00:00','2021-10-17 09:53:33.816 +00:00',8,4);
INSERT INTO EntryTags VALUES('2021-10-17 09:53:34.065 +00:00','2021-10-17 09:53:34.065 +00:00',9,5);
INSERT INTO EntryTags VALUES('2021-10-17 09:53:34.065 +00:00','2021-10-17 09:53:34.065 +00:00',10,5);
INSERT INTO EntryTags VALUES('2021-10-17 09:53:34.299 +00:00','2021-10-17 09:53:34.299 +00:00',11,6);
INSERT INTO EntryTags VALUES('2021-10-17 09:53:34.299 +00:00','2021-10-17 09:53:34.299 +00:00',12,6);
INSERT INTO EntryTags VALUES('2021-10-17 09:53:34.501 +00:00','2021-10-17 09:53:34.501 +00:00',13,7);
INSERT INTO EntryTags VALUES('2021-10-17 09:53:34.501 +00:00','2021-10-17 09:53:34.501 +00:00',14,7);
INSERT INTO EntryTags VALUES('2021-10-17 09:53:34.689 +00:00','2021-10-17 09:53:34.689 +00:00',15,8);
INSERT INTO EntryTags VALUES('2021-10-17 09:53:34.689 +00:00','2021-10-17 09:53:34.689 +00:00',16,8);
INSERT INTO EntryTags VALUES('2021-10-17 09:53:34.916 +00:00','2021-10-17 09:53:34.916 +00:00',17,9);
INSERT INTO EntryTags VALUES('2021-10-17 09:53:34.916 +00:00','2021-10-17 09:53:34.916 +00:00',18,9);
INSERT INTO EntryTags VALUES('2021-10-17 09:53:35.141 +00:00','2021-10-17 09:53:35.141 +00:00',5,10);
INSERT INTO EntryTags VALUES('2021-10-17 09:53:35.141 +00:00','2021-10-17 09:53:35.141 +00:00',19,10);
INSERT INTO EntryTags VALUES('2021-10-17 09:53:35.296 +00:00','2021-10-17 09:53:35.296 +00:00',20,11);
INSERT INTO EntryTags VALUES('2021-10-17 09:53:35.296 +00:00','2021-10-17 09:53:35.296 +00:00',21,11);
INSERT INTO EntryTags VALUES('2021-10-17 09:53:35.512 +00:00','2021-10-17 09:53:35.512 +00:00',22,12);
INSERT INTO EntryTags VALUES('2021-10-17 09:53:35.512 +00:00','2021-10-17 09:53:35.512 +00:00',23,12);
INSERT INTO EntryTags VALUES('2021-10-17 09:53:35.620 +00:00','2021-10-17 09:53:35.620 +00:00',17,13);
INSERT INTO EntryTags VALUES('2021-10-17 09:53:35.620 +00:00','2021-10-17 09:53:35.620 +00:00',4,13);
INSERT INTO EntryTags VALUES('2021-10-17 09:53:35.830 +00:00','2021-10-17 09:53:35.830 +00:00',24,14);
INSERT INTO EntryTags VALUES('2021-10-17 09:53:35.830 +00:00','2021-10-17 09:53:35.830 +00:00',25,14);
INSERT INTO EntryTags VALUES('2021-10-17 09:53:36.045 +00:00','2021-10-17 09:53:36.045 +00:00',15,15);
INSERT INTO EntryTags VALUES('2021-10-17 09:53:36.045 +00:00','2021-10-17 09:53:36.045 +00:00',26,15);
INSERT INTO EntryTags VALUES('2021-10-17 09:53:36.241 +00:00','2021-10-17 09:53:36.241 +00:00',27,16);
INSERT INTO EntryTags VALUES('2021-10-17 09:53:36.241 +00:00','2021-10-17 09:53:36.241 +00:00',18,16);
INSERT INTO EntryTags VALUES('2021-10-17 09:53:36.461 +00:00','2021-10-17 09:53:36.461 +00:00',28,17);
INSERT INTO EntryTags VALUES('2021-10-17 09:53:36.461 +00:00','2021-10-17 09:53:36.461 +00:00',10,17);
INSERT INTO EntryTags VALUES('2021-10-17 09:53:36.670 +00:00','2021-10-17 09:53:36.670 +00:00',29,18);
INSERT INTO EntryTags VALUES('2021-10-17 09:53:36.670 +00:00','2021-10-17 09:53:36.670 +00:00',23,18);
INSERT INTO EntryTags VALUES('2021-10-17 09:53:36.844 +00:00','2021-10-17 09:53:36.844 +00:00',30,19);
INSERT INTO EntryTags VALUES('2021-10-17 09:53:36.844 +00:00','2021-10-17 09:53:36.844 +00:00',31,19);
INSERT INTO EntryTags VALUES('2021-10-17 09:53:37.005 +00:00','2021-10-17 09:53:37.005 +00:00',32,20);
INSERT INTO EntryTags VALUES('2021-10-17 09:53:37.005 +00:00','2021-10-17 09:53:37.005 +00:00',33,20);
INSERT INTO EntryTags VALUES('2021-10-17 09:53:37.214 +00:00','2021-10-17 09:53:37.214 +00:00',15,21);
INSERT INTO EntryTags VALUES('2021-10-17 09:53:37.214 +00:00','2021-10-17 09:53:37.214 +00:00',34,21);
INSERT INTO EntryTags VALUES('2021-10-17 09:53:37.430 +00:00','2021-10-17 09:53:37.430 +00:00',35,22);
INSERT INTO EntryTags VALUES('2021-10-17 09:53:37.430 +00:00','2021-10-17 09:53:37.430 +00:00',36,22);
INSERT INTO EntryTags VALUES('2021-10-17 09:53:37.605 +00:00','2021-10-17 09:53:37.605 +00:00',15,23);
INSERT INTO EntryTags VALUES('2021-10-17 09:53:37.605 +00:00','2021-10-17 09:53:37.605 +00:00',37,23);
INSERT INTO EntryTags VALUES('2021-10-17 09:53:37.867 +00:00','2021-10-17 09:53:37.867 +00:00',38,24);
INSERT INTO EntryTags VALUES('2021-10-17 09:53:37.867 +00:00','2021-10-17 09:53:37.867 +00:00',39,24);
INSERT INTO EntryTags VALUES('2021-10-17 09:53:38.081 +00:00','2021-10-17 09:53:38.081 +00:00',40,25);
INSERT INTO EntryTags VALUES('2021-10-17 09:53:38.081 +00:00','2021-10-17 09:53:38.081 +00:00',41,25);
INSERT INTO EntryTags VALUES('2021-10-17 09:53:38.265 +00:00','2021-10-17 09:53:38.265 +00:00',24,26);
INSERT INTO EntryTags VALUES('2021-10-17 09:53:38.265 +00:00','2021-10-17 09:53:38.265 +00:00',42,26);
INSERT INTO EntryTags VALUES('2021-10-17 09:53:38.477 +00:00','2021-10-17 09:53:38.477 +00:00',43,27);
INSERT INTO EntryTags VALUES('2021-10-17 09:53:38.477 +00:00','2021-10-17 09:53:38.477 +00:00',44,27);
INSERT INTO EntryTags VALUES('2021-10-17 09:53:38.565 +00:00','2021-10-17 09:53:38.565 +00:00',15,28);
INSERT INTO EntryTags VALUES('2021-10-17 09:53:38.565 +00:00','2021-10-17 09:53:38.565 +00:00',23,28);
INSERT INTO EntryTags VALUES('2021-10-17 09:53:38.774 +00:00','2021-10-17 09:53:38.774 +00:00',45,29);
INSERT INTO EntryTags VALUES('2021-10-17 09:53:38.774 +00:00','2021-10-17 09:53:38.774 +00:00',46,29);
INSERT INTO EntryTags VALUES('2021-10-17 09:53:38.991 +00:00','2021-10-17 09:53:38.991 +00:00',5,30);
INSERT INTO EntryTags VALUES('2021-10-17 09:53:38.991 +00:00','2021-10-17 09:53:38.991 +00:00',47,30);
INSERT INTO EntryTags VALUES('2021-10-17 09:53:39.110 +00:00','2021-10-17 09:53:39.110 +00:00',5,31);
INSERT INTO EntryTags VALUES('2021-10-17 09:53:39.110 +00:00','2021-10-17 09:53:39.110 +00:00',16,31);
INSERT INTO EntryTags VALUES('2021-10-17 09:53:39.208 +00:00','2021-10-17 09:53:39.208 +00:00',13,32);
INSERT INTO EntryTags VALUES('2021-10-17 09:53:39.208 +00:00','2021-10-17 09:53:39.208 +00:00',37,32);
INSERT INTO EntryTags VALUES('2021-10-17 09:53:39.342 +00:00','2021-10-17 09:53:39.342 +00:00',9,33);
INSERT INTO EntryTags VALUES('2021-10-17 09:53:39.342 +00:00','2021-10-17 09:53:39.342 +00:00',48,33);
INSERT INTO EntryTags VALUES('2021-10-17 09:53:39.496 +00:00','2021-10-17 09:53:39.496 +00:00',7,34);
INSERT INTO EntryTags VALUES('2021-10-17 09:53:39.496 +00:00','2021-10-17 09:53:39.496 +00:00',36,34);
INSERT INTO EntryTags VALUES('2021-10-17 09:53:39.620 +00:00','2021-10-17 09:53:39.620 +00:00',27,35);
INSERT INTO EntryTags VALUES('2021-10-17 09:53:39.620 +00:00','2021-10-17 09:53:39.620 +00:00',33,35);
INSERT INTO EntryTags VALUES('2021-10-17 09:53:39.824 +00:00','2021-10-17 09:53:39.824 +00:00',49,36);
INSERT INTO EntryTags VALUES('2021-10-17 09:53:39.824 +00:00','2021-10-17 09:53:39.824 +00:00',50,36);
INSERT INTO EntryTags VALUES('2021-10-17 09:53:40.089 +00:00','2021-10-17 09:53:40.089 +00:00',51,37);
INSERT INTO EntryTags VALUES('2021-10-17 09:53:40.089 +00:00','2021-10-17 09:53:40.089 +00:00',52,37);
INSERT INTO EntryTags VALUES('2021-10-17 09:53:40.233 +00:00','2021-10-17 09:53:40.233 +00:00',53,38);
INSERT INTO EntryTags VALUES('2021-10-17 09:53:40.233 +00:00','2021-10-17 09:53:40.233 +00:00',14,38);
INSERT INTO EntryTags VALUES('2021-10-17 09:53:40.382 +00:00','2021-10-17 09:53:40.382 +00:00',54,39);
INSERT INTO EntryTags VALUES('2021-10-17 09:53:40.382 +00:00','2021-10-17 09:53:40.382 +00:00',21,39);
INSERT INTO EntryTags VALUES('2021-10-17 09:53:40.547 +00:00','2021-10-17 09:53:40.547 +00:00',17,40);
INSERT INTO EntryTags VALUES('2021-10-17 09:53:40.547 +00:00','2021-10-17 09:53:40.547 +00:00',52,40);
INSERT INTO EntryTags VALUES('2021-10-17 09:53:40.666 +00:00','2021-10-17 09:53:40.666 +00:00',15,41);
INSERT INTO EntryTags VALUES('2021-10-17 09:53:40.666 +00:00','2021-10-17 09:53:40.666 +00:00',34,41);
INSERT INTO EntryTags VALUES('2021-10-17 09:53:40.789 +00:00','2021-10-17 09:53:40.789 +00:00',22,42);
INSERT INTO EntryTags VALUES('2021-10-17 09:53:40.789 +00:00','2021-10-17 09:53:40.789 +00:00',55,42);
INSERT INTO EntryTags VALUES('2021-10-17 09:53:41.038 +00:00','2021-10-17 09:53:41.038 +00:00',29,43);
INSERT INTO EntryTags VALUES('2021-10-17 09:53:41.038 +00:00','2021-10-17 09:53:41.038 +00:00',56,43);
INSERT INTO EntryTags VALUES('2021-10-17 09:53:41.181 +00:00','2021-10-17 09:53:41.181 +00:00',7,44);
INSERT INTO EntryTags VALUES('2021-10-17 09:53:41.181 +00:00','2021-10-17 09:53:41.181 +00:00',44,44);
INSERT INTO EntryTags VALUES('2021-10-17 09:53:41.388 +00:00','2021-10-17 09:53:41.388 +00:00',57,45);
INSERT INTO EntryTags VALUES('2021-10-17 09:53:41.388 +00:00','2021-10-17 09:53:41.388 +00:00',58,45);
INSERT INTO EntryTags VALUES('2021-10-17 09:53:41.524 +00:00','2021-10-17 09:53:41.524 +00:00',22,46);
INSERT INTO EntryTags VALUES('2021-10-17 09:53:41.524 +00:00','2021-10-17 09:53:41.524 +00:00',44,46);
INSERT INTO EntryTags VALUES('2021-10-17 09:53:41.768 +00:00','2021-10-17 09:53:41.768 +00:00',11,47);
INSERT INTO EntryTags VALUES('2021-10-17 09:53:41.768 +00:00','2021-10-17 09:53:41.768 +00:00',18,47);
INSERT INTO EntryTags VALUES('2021-10-17 09:53:41.974 +00:00','2021-10-17 09:53:41.974 +00:00',28,48);
INSERT INTO EntryTags VALUES('2021-10-17 09:53:41.974 +00:00','2021-10-17 09:53:41.974 +00:00',59,48);
INSERT INTO EntryTags VALUES('2021-10-17 09:53:42.175 +00:00','2021-10-17 09:53:42.175 +00:00',13,49);
INSERT INTO EntryTags VALUES('2021-10-17 09:53:42.175 +00:00','2021-10-17 09:53:42.175 +00:00',12,49);
INSERT INTO EntryTags VALUES('2021-10-17 09:53:42.397 +00:00','2021-10-17 09:53:42.397 +00:00',60,50);
INSERT INTO EntryTags VALUES('2021-10-17 09:53:42.397 +00:00','2021-10-17 09:53:42.397 +00:00',47,50);
INSERT INTO EntryTags VALUES('2021-10-17 09:53:42.550 +00:00','2021-10-17 09:53:42.550 +00:00',40,51);
INSERT INTO EntryTags VALUES('2021-10-17 09:53:42.550 +00:00','2021-10-17 09:53:42.550 +00:00',46,51);
INSERT INTO EntryTags VALUES('2021-10-17 09:53:42.706 +00:00','2021-10-17 09:53:42.706 +00:00',5,52);
INSERT INTO EntryTags VALUES('2021-10-17 09:53:42.706 +00:00','2021-10-17 09:53:42.706 +00:00',23,52);
INSERT INTO EntryTags VALUES('2021-10-17 09:53:42.852 +00:00','2021-10-17 09:53:42.852 +00:00',32,53);
INSERT INTO EntryTags VALUES('2021-10-17 09:53:42.852 +00:00','2021-10-17 09:53:42.852 +00:00',18,53);
INSERT INTO EntryTags VALUES('2021-10-17 09:53:42.964 +00:00','2021-10-17 09:53:42.964 +00:00',20,54);
INSERT INTO EntryTags VALUES('2021-10-17 09:53:42.964 +00:00','2021-10-17 09:53:42.964 +00:00',23,54);
INSERT INTO EntryTags VALUES('2021-10-17 09:53:43.069 +00:00','2021-10-17 09:53:43.069 +00:00',60,55);
INSERT INTO EntryTags VALUES('2021-10-17 09:53:43.069 +00:00','2021-10-17 09:53:43.069 +00:00',36,55);
INSERT INTO EntryTags VALUES('2021-10-17 09:53:43.256 +00:00','2021-10-17 09:53:43.256 +00:00',61,56);
INSERT INTO EntryTags VALUES('2021-10-17 09:53:43.256 +00:00','2021-10-17 09:53:43.256 +00:00',56,56);
INSERT INTO EntryTags VALUES('2021-10-17 09:53:43.396 +00:00','2021-10-17 09:53:43.396 +00:00',61,57);
INSERT INTO EntryTags VALUES('2021-10-17 09:53:43.396 +00:00','2021-10-17 09:53:43.396 +00:00',62,57);
INSERT INTO EntryTags VALUES('2021-10-17 09:53:43.561 +00:00','2021-10-17 09:53:43.561 +00:00',53,58);
INSERT INTO EntryTags VALUES('2021-10-17 09:53:43.561 +00:00','2021-10-17 09:53:43.561 +00:00',63,58);
INSERT INTO EntryTags VALUES('2021-10-17 09:53:43.778 +00:00','2021-10-17 09:53:43.778 +00:00',45,59);
INSERT INTO EntryTags VALUES('2021-10-17 09:53:43.778 +00:00','2021-10-17 09:53:43.778 +00:00',64,59);
INSERT INTO EntryTags VALUES('2021-10-17 09:53:44.049 +00:00','2021-10-17 09:53:44.049 +00:00',65,60);
INSERT INTO EntryTags VALUES('2021-10-17 09:53:44.049 +00:00','2021-10-17 09:53:44.049 +00:00',18,60);
INSERT INTO EntryTags VALUES('2021-10-17 09:53:44.223 +00:00','2021-10-17 09:53:44.223 +00:00',66,61);
INSERT INTO EntryTags VALUES('2021-10-17 09:53:44.223 +00:00','2021-10-17 09:53:44.223 +00:00',58,61);
INSERT INTO EntryTags VALUES('2021-10-17 09:53:44.392 +00:00','2021-10-17 09:53:44.392 +00:00',67,62);
INSERT INTO EntryTags VALUES('2021-10-17 09:53:44.392 +00:00','2021-10-17 09:53:44.392 +00:00',31,62);
INSERT INTO EntryTags VALUES('2021-10-17 09:53:44.571 +00:00','2021-10-17 09:53:44.571 +00:00',68,63);
INSERT INTO EntryTags VALUES('2021-10-17 09:53:44.571 +00:00','2021-10-17 09:53:44.571 +00:00',69,63);
INSERT INTO EntryTags VALUES('2021-10-17 09:53:44.657 +00:00','2021-10-17 09:53:44.657 +00:00',40,64);
INSERT INTO EntryTags VALUES('2021-10-17 09:53:44.657 +00:00','2021-10-17 09:53:44.657 +00:00',36,64);
INSERT INTO EntryTags VALUES('2021-10-17 09:53:44.817 +00:00','2021-10-17 09:53:44.817 +00:00',67,65);
INSERT INTO EntryTags VALUES('2021-10-17 09:53:44.817 +00:00','2021-10-17 09:53:44.817 +00:00',70,65);
INSERT INTO EntryTags VALUES('2021-10-17 09:53:45.049 +00:00','2021-10-17 09:53:45.049 +00:00',3,66);
INSERT INTO EntryTags VALUES('2021-10-17 09:53:45.049 +00:00','2021-10-17 09:53:45.049 +00:00',19,66);
INSERT INTO EntryTags VALUES('2021-10-17 09:53:45.218 +00:00','2021-10-17 09:53:45.218 +00:00',29,67);
INSERT INTO EntryTags VALUES('2021-10-17 09:53:45.218 +00:00','2021-10-17 09:53:45.218 +00:00',71,67);
INSERT INTO EntryTags VALUES('2021-10-17 09:53:45.351 +00:00','2021-10-17 09:53:45.351 +00:00',72,68);
INSERT INTO EntryTags VALUES('2021-10-17 09:53:45.351 +00:00','2021-10-17 09:53:45.351 +00:00',59,68);
INSERT INTO EntryTags VALUES('2021-10-17 09:53:45.502 +00:00','2021-10-17 09:53:45.502 +00:00',49,69);
INSERT INTO EntryTags VALUES('2021-10-17 09:53:45.502 +00:00','2021-10-17 09:53:45.502 +00:00',46,69);
INSERT INTO EntryTags VALUES('2021-10-17 09:53:45.642 +00:00','2021-10-17 09:53:45.642 +00:00',73,70);
INSERT INTO EntryTags VALUES('2021-10-17 09:53:45.642 +00:00','2021-10-17 09:53:45.642 +00:00',36,70);
INSERT INTO EntryTags VALUES('2021-10-17 09:53:45.813 +00:00','2021-10-17 09:53:45.813 +00:00',74,71);
INSERT INTO EntryTags VALUES('2021-10-17 09:53:45.813 +00:00','2021-10-17 09:53:45.813 +00:00',19,71);
INSERT INTO EntryTags VALUES('2021-10-17 09:53:45.920 +00:00','2021-10-17 09:53:45.920 +00:00',32,72);
INSERT INTO EntryTags VALUES('2021-10-17 09:53:45.920 +00:00','2021-10-17 09:53:45.920 +00:00',44,72);
INSERT INTO EntryTags VALUES('2021-10-17 09:53:46.102 +00:00','2021-10-17 09:53:46.102 +00:00',38,73);
INSERT INTO EntryTags VALUES('2021-10-17 09:53:46.102 +00:00','2021-10-17 09:53:46.102 +00:00',75,73);
INSERT INTO EntryTags VALUES('2021-10-17 09:53:46.229 +00:00','2021-10-17 09:53:46.229 +00:00',27,74);
INSERT INTO EntryTags VALUES('2021-10-17 09:53:46.229 +00:00','2021-10-17 09:53:46.229 +00:00',42,74);
INSERT INTO EntryTags VALUES('2021-10-17 09:53:46.342 +00:00','2021-10-17 09:53:46.342 +00:00',3,75);
INSERT INTO EntryTags VALUES('2021-10-17 09:53:46.342 +00:00','2021-10-17 09:53:46.342 +00:00',47,75);
INSERT INTO EntryTags VALUES('2021-10-17 09:53:46.529 +00:00','2021-10-17 09:53:46.529 +00:00',57,76);
INSERT INTO EntryTags VALUES('2021-10-17 09:53:46.529 +00:00','2021-10-17 09:53:46.529 +00:00',26,76);
INSERT INTO EntryTags VALUES('2021-10-17 09:53:46.652 +00:00','2021-10-17 09:53:46.652 +00:00',54,77);
INSERT INTO EntryTags VALUES('2021-10-17 09:53:46.652 +00:00','2021-10-17 09:53:46.652 +00:00',59,77);
INSERT INTO EntryTags VALUES('2021-10-17 09:53:46.821 +00:00','2021-10-17 09:53:46.821 +00:00',76,78);
INSERT INTO EntryTags VALUES('2021-10-17 09:53:46.821 +00:00','2021-10-17 09:53:46.821 +00:00',39,78);
INSERT INTO EntryTags VALUES('2021-10-17 09:53:47.034 +00:00','2021-10-17 09:53:47.034 +00:00',77,79);
INSERT INTO EntryTags VALUES('2021-10-17 09:53:47.034 +00:00','2021-10-17 09:53:47.034 +00:00',56,79);
INSERT INTO EntryTags VALUES('2021-10-17 09:53:47.183 +00:00','2021-10-17 09:53:47.183 +00:00',15,80);
INSERT INTO EntryTags VALUES('2021-10-17 09:53:47.183 +00:00','2021-10-17 09:53:47.183 +00:00',46,80);
INSERT INTO EntryTags VALUES('2021-10-17 09:53:47.305 +00:00','2021-10-17 09:53:47.305 +00:00',22,81);
INSERT INTO EntryTags VALUES('2021-10-17 09:53:47.305 +00:00','2021-10-17 09:53:47.305 +00:00',48,81);
INSERT INTO EntryTags VALUES('2021-10-17 09:53:47.456 +00:00','2021-10-17 09:53:47.456 +00:00',20,82);
INSERT INTO EntryTags VALUES('2021-10-17 09:53:47.456 +00:00','2021-10-17 09:53:47.456 +00:00',47,82);
INSERT INTO EntryTags VALUES('2021-10-17 09:53:47.582 +00:00','2021-10-17 09:53:47.582 +00:00',5,83);
INSERT INTO EntryTags VALUES('2021-10-17 09:53:47.582 +00:00','2021-10-17 09:53:47.582 +00:00',21,83);
INSERT INTO EntryTags VALUES('2021-10-17 09:53:47.669 +00:00','2021-10-17 09:53:47.669 +00:00',68,84);
INSERT INTO EntryTags VALUES('2021-10-17 09:53:47.669 +00:00','2021-10-17 09:53:47.669 +00:00',47,84);
INSERT INTO EntryTags VALUES('2021-10-17 09:53:47.832 +00:00','2021-10-17 09:53:47.832 +00:00',78,85);
INSERT INTO EntryTags VALUES('2021-10-17 09:53:47.832 +00:00','2021-10-17 09:53:47.832 +00:00',69,85);
INSERT INTO EntryTags VALUES('2021-10-17 09:53:47.982 +00:00','2021-10-17 09:53:47.982 +00:00',49,86);
INSERT INTO EntryTags VALUES('2021-10-17 09:53:47.982 +00:00','2021-10-17 09:53:47.982 +00:00',63,86);
INSERT INTO EntryTags VALUES('2021-10-17 09:53:48.077 +00:00','2021-10-17 09:53:48.077 +00:00',13,87);
INSERT INTO EntryTags VALUES('2021-10-17 09:53:48.077 +00:00','2021-10-17 09:53:48.077 +00:00',37,87);
INSERT INTO EntryTags VALUES('2021-10-17 09:53:48.257 +00:00','2021-10-17 09:53:48.257 +00:00',74,88);
INSERT INTO EntryTags VALUES('2021-10-17 09:53:48.257 +00:00','2021-10-17 09:53:48.257 +00:00',18,88);
INSERT INTO EntryTags VALUES('2021-10-17 09:53:48.374 +00:00','2021-10-17 09:53:48.374 +00:00',51,89);
INSERT INTO EntryTags VALUES('2021-10-17 09:53:48.374 +00:00','2021-10-17 09:53:48.374 +00:00',2,89);
INSERT INTO EntryTags VALUES('2021-10-17 09:53:48.501 +00:00','2021-10-17 09:53:48.501 +00:00',38,90);
INSERT INTO EntryTags VALUES('2021-10-17 09:53:48.501 +00:00','2021-10-17 09:53:48.501 +00:00',8,90);
INSERT INTO EntryTags VALUES('2021-10-17 09:53:48.627 +00:00','2021-10-17 09:53:48.627 +00:00',51,91);
INSERT INTO EntryTags VALUES('2021-10-17 09:53:48.627 +00:00','2021-10-17 09:53:48.627 +00:00',31,91);
INSERT INTO EntryTags VALUES('2021-10-17 09:53:48.900 +00:00','2021-10-17 09:53:48.900 +00:00',77,92);
INSERT INTO EntryTags VALUES('2021-10-17 09:53:48.900 +00:00','2021-10-17 09:53:48.900 +00:00',79,92);
INSERT INTO EntryTags VALUES('2021-10-17 09:53:48.984 +00:00','2021-10-17 09:53:48.984 +00:00',35,93);
INSERT INTO EntryTags VALUES('2021-10-17 09:53:48.984 +00:00','2021-10-17 09:53:48.984 +00:00',8,93);
INSERT INTO EntryTags VALUES('2021-10-17 09:53:49.216 +00:00','2021-10-17 09:53:49.216 +00:00',51,94);
INSERT INTO EntryTags VALUES('2021-10-17 09:53:49.216 +00:00','2021-10-17 09:53:49.216 +00:00',80,94);
INSERT INTO EntryTags VALUES('2021-10-17 09:53:49.378 +00:00','2021-10-17 09:53:49.378 +00:00',28,95);
INSERT INTO EntryTags VALUES('2021-10-17 09:53:49.378 +00:00','2021-10-17 09:53:49.378 +00:00',39,95);
INSERT INTO EntryTags VALUES('2021-10-17 09:53:49.525 +00:00','2021-10-17 09:53:49.525 +00:00',66,96);
INSERT INTO EntryTags VALUES('2021-10-17 09:53:49.525 +00:00','2021-10-17 09:53:49.525 +00:00',26,96);
INSERT INTO EntryTags VALUES('2021-10-17 09:53:49.633 +00:00','2021-10-17 09:53:49.633 +00:00',9,97);
INSERT INTO EntryTags VALUES('2021-10-17 09:53:49.633 +00:00','2021-10-17 09:53:49.633 +00:00',64,97);
INSERT INTO EntryTags VALUES('2021-10-17 09:53:49.782 +00:00','2021-10-17 09:53:49.782 +00:00',5,98);
INSERT INTO EntryTags VALUES('2021-10-17 09:53:49.782 +00:00','2021-10-17 09:53:49.782 +00:00',81,98);
INSERT INTO EntryTags VALUES('2021-10-17 09:53:49.990 +00:00','2021-10-17 09:53:49.990 +00:00',22,99);
INSERT INTO EntryTags VALUES('2021-10-17 09:53:49.990 +00:00','2021-10-17 09:53:49.990 +00:00',19,99);
INSERT INTO EntryTags VALUES('2021-10-17 09:53:50.179 +00:00','2021-10-17 09:53:50.179 +00:00',82,100);
INSERT INTO EntryTags VALUES('2021-10-17 09:53:50.179 +00:00','2021-10-17 09:53:50.179 +00:00',83,100);
INSERT INTO EntryTags VALUES('2021-10-17 09:53:50.316 +00:00','2021-10-17 09:53:50.316 +00:00',57,101);
INSERT INTO EntryTags VALUES('2021-10-17 09:53:50.316 +00:00','2021-10-17 09:53:50.316 +00:00',26,101);
INSERT INTO EntryTags VALUES('2021-10-17 09:53:50.460 +00:00','2021-10-17 09:53:50.460 +00:00',57,102);
INSERT INTO EntryTags VALUES('2021-10-17 09:53:50.460 +00:00','2021-10-17 09:53:50.460 +00:00',69,102);
INSERT INTO EntryTags VALUES('2021-10-17 09:53:50.595 +00:00','2021-10-17 09:53:50.595 +00:00',65,103);
INSERT INTO EntryTags VALUES('2021-10-17 09:53:50.595 +00:00','2021-10-17 09:53:50.595 +00:00',31,103);
INSERT INTO EntryTags VALUES('2021-10-17 09:53:50.715 +00:00','2021-10-17 09:53:50.715 +00:00',72,104);
INSERT INTO EntryTags VALUES('2021-10-17 09:53:50.715 +00:00','2021-10-17 09:53:50.715 +00:00',12,104);
INSERT INTO EntryTags VALUES('2021-10-17 09:53:50.921 +00:00','2021-10-17 09:53:50.921 +00:00',74,105);
INSERT INTO EntryTags VALUES('2021-10-17 09:53:50.921 +00:00','2021-10-17 09:53:50.921 +00:00',23,105);
INSERT INTO EntryTags VALUES('2021-10-17 09:53:51.072 +00:00','2021-10-17 09:53:51.072 +00:00',84,106);
INSERT INTO EntryTags VALUES('2021-10-17 09:53:51.072 +00:00','2021-10-17 09:53:51.072 +00:00',26,106);
INSERT INTO EntryTags VALUES('2021-10-17 09:53:51.183 +00:00','2021-10-17 09:53:51.183 +00:00',65,107);
INSERT INTO EntryTags VALUES('2021-10-17 09:53:51.183 +00:00','2021-10-17 09:53:51.183 +00:00',36,107);
INSERT INTO EntryTags VALUES('2021-10-17 09:53:51.270 +00:00','2021-10-17 09:53:51.270 +00:00',38,108);
INSERT INTO EntryTags VALUES('2021-10-17 09:53:51.270 +00:00','2021-10-17 09:53:51.270 +00:00',56,108);
INSERT INTO EntryTags VALUES('2021-10-17 09:53:51.391 +00:00','2021-10-17 09:53:51.391 +00:00',60,109);
INSERT INTO EntryTags VALUES('2021-10-17 09:53:51.391 +00:00','2021-10-17 09:53:51.391 +00:00',80,109);
INSERT INTO EntryTags VALUES('2021-10-17 09:53:51.534 +00:00','2021-10-17 09:53:51.534 +00:00',15,110);
INSERT INTO EntryTags VALUES('2021-10-17 09:53:51.534 +00:00','2021-10-17 09:53:51.534 +00:00',39,110);
INSERT INTO EntryTags VALUES('2021-10-17 09:53:51.630 +00:00','2021-10-17 09:53:51.630 +00:00',72,111);
INSERT INTO EntryTags VALUES('2021-10-17 09:53:51.630 +00:00','2021-10-17 09:53:51.630 +00:00',79,111);
INSERT INTO EntryTags VALUES('2021-10-17 09:53:51.734 +00:00','2021-10-17 09:53:51.734 +00:00',82,112);
INSERT INTO EntryTags VALUES('2021-10-17 09:53:51.734 +00:00','2021-10-17 09:53:51.734 +00:00',64,112);
INSERT INTO EntryTags VALUES('2021-10-17 09:53:51.827 +00:00','2021-10-17 09:53:51.827 +00:00',72,113);
INSERT INTO EntryTags VALUES('2021-10-17 09:53:51.827 +00:00','2021-10-17 09:53:51.827 +00:00',48,113);
INSERT INTO EntryTags VALUES('2021-10-17 09:53:51.954 +00:00','2021-10-17 09:53:51.954 +00:00',22,114);
INSERT INTO EntryTags VALUES('2021-10-17 09:53:51.954 +00:00','2021-10-17 09:53:51.954 +00:00',19,114);
INSERT INTO EntryTags VALUES('2021-10-17 09:53:52.099 +00:00','2021-10-17 09:53:52.099 +00:00',35,115);
INSERT INTO EntryTags VALUES('2021-10-17 09:53:52.099 +00:00','2021-10-17 09:53:52.099 +00:00',34,115);
INSERT INTO EntryTags VALUES('2021-10-17 09:53:52.195 +00:00','2021-10-17 09:53:52.195 +00:00',66,116);
INSERT INTO EntryTags VALUES('2021-10-17 09:53:52.195 +00:00','2021-10-17 09:53:52.195 +00:00',50,116);
INSERT INTO EntryTags VALUES('2021-10-17 09:53:52.333 +00:00','2021-10-17 09:53:52.333 +00:00',7,117);
INSERT INTO EntryTags VALUES('2021-10-17 09:53:52.333 +00:00','2021-10-17 09:53:52.333 +00:00',85,117);
INSERT INTO EntryTags VALUES('2021-10-17 09:53:52.464 +00:00','2021-10-17 09:53:52.464 +00:00',29,118);
INSERT INTO EntryTags VALUES('2021-10-17 09:53:52.464 +00:00','2021-10-17 09:53:52.464 +00:00',26,118);
INSERT INTO EntryTags VALUES('2021-10-17 09:53:52.612 +00:00','2021-10-17 09:53:52.612 +00:00',66,119);
INSERT INTO EntryTags VALUES('2021-10-17 09:53:52.612 +00:00','2021-10-17 09:53:52.612 +00:00',19,119);
INSERT INTO EntryTags VALUES('2021-10-17 09:53:52.760 +00:00','2021-10-17 09:53:52.760 +00:00',78,120);
INSERT INTO EntryTags VALUES('2021-10-17 09:53:52.760 +00:00','2021-10-17 09:53:52.760 +00:00',21,120);
INSERT INTO EntryTags VALUES('2021-10-17 09:53:52.932 +00:00','2021-10-17 09:53:52.932 +00:00',84,121);
INSERT INTO EntryTags VALUES('2021-10-17 09:53:52.932 +00:00','2021-10-17 09:53:52.932 +00:00',19,121);
INSERT INTO EntryTags VALUES('2021-10-17 09:53:53.052 +00:00','2021-10-17 09:53:53.052 +00:00',38,122);
INSERT INTO EntryTags VALUES('2021-10-17 09:53:53.052 +00:00','2021-10-17 09:53:53.052 +00:00',21,122);
INSERT INTO EntryTags VALUES('2021-10-17 09:53:53.185 +00:00','2021-10-17 09:53:53.185 +00:00',68,123);
INSERT INTO EntryTags VALUES('2021-10-17 09:53:53.185 +00:00','2021-10-17 09:53:53.185 +00:00',62,123);
INSERT INTO EntryTags VALUES('2021-10-17 09:53:53.304 +00:00','2021-10-17 09:53:53.304 +00:00',45,124);
INSERT INTO EntryTags VALUES('2021-10-17 09:53:53.304 +00:00','2021-10-17 09:53:53.304 +00:00',37,124);
INSERT INTO EntryTags VALUES('2021-10-17 09:53:53.462 +00:00','2021-10-17 09:53:53.462 +00:00',68,125);
INSERT INTO EntryTags VALUES('2021-10-17 09:53:53.462 +00:00','2021-10-17 09:53:53.462 +00:00',31,125);
INSERT INTO EntryTags VALUES('2021-10-17 09:53:53.625 +00:00','2021-10-17 09:53:53.625 +00:00',45,126);
INSERT INTO EntryTags VALUES('2021-10-17 09:53:53.625 +00:00','2021-10-17 09:53:53.625 +00:00',69,126);
INSERT INTO EntryTags VALUES('2021-10-17 09:53:53.726 +00:00','2021-10-17 09:53:53.726 +00:00',17,127);
INSERT INTO EntryTags VALUES('2021-10-17 09:53:53.726 +00:00','2021-10-17 09:53:53.726 +00:00',71,127);
INSERT INTO EntryTags VALUES('2021-10-17 09:53:53.845 +00:00','2021-10-17 09:53:53.845 +00:00',61,128);
INSERT INTO EntryTags VALUES('2021-10-17 09:53:53.845 +00:00','2021-10-17 09:53:53.845 +00:00',69,128);
INSERT INTO EntryTags VALUES('2021-10-17 09:53:54.001 +00:00','2021-10-17 09:53:54.001 +00:00',35,129);
INSERT INTO EntryTags VALUES('2021-10-17 09:53:54.001 +00:00','2021-10-17 09:53:54.001 +00:00',33,129);
INSERT INTO EntryTags VALUES('2021-10-17 09:53:54.114 +00:00','2021-10-17 09:53:54.114 +00:00',49,130);
INSERT INTO EntryTags VALUES('2021-10-17 09:53:54.114 +00:00','2021-10-17 09:53:54.114 +00:00',48,130);
INSERT INTO EntryTags VALUES('2021-10-17 09:53:54.225 +00:00','2021-10-17 09:53:54.225 +00:00',84,131);
INSERT INTO EntryTags VALUES('2021-10-17 09:53:54.225 +00:00','2021-10-17 09:53:54.225 +00:00',36,131);
INSERT INTO EntryTags VALUES('2021-10-17 09:53:54.333 +00:00','2021-10-17 09:53:54.333 +00:00',24,132);
INSERT INTO EntryTags VALUES('2021-10-17 09:53:54.333 +00:00','2021-10-17 09:53:54.333 +00:00',33,132);
INSERT INTO EntryTags VALUES('2021-10-17 09:53:54.457 +00:00','2021-10-17 09:53:54.457 +00:00',45,133);
INSERT INTO EntryTags VALUES('2021-10-17 09:53:54.457 +00:00','2021-10-17 09:53:54.457 +00:00',80,133);
INSERT INTO EntryTags VALUES('2021-10-17 09:53:54.589 +00:00','2021-10-17 09:53:54.589 +00:00',61,134);
INSERT INTO EntryTags VALUES('2021-10-17 09:53:54.589 +00:00','2021-10-17 09:53:54.589 +00:00',55,134);
INSERT INTO EntryTags VALUES('2021-10-17 09:53:54.717 +00:00','2021-10-17 09:53:54.717 +00:00',73,135);
INSERT INTO EntryTags VALUES('2021-10-17 09:53:54.717 +00:00','2021-10-17 09:53:54.717 +00:00',55,135);
INSERT INTO EntryTags VALUES('2021-10-17 09:53:54.883 +00:00','2021-10-17 09:53:54.883 +00:00',60,136);
INSERT INTO EntryTags VALUES('2021-10-17 09:53:54.883 +00:00','2021-10-17 09:53:54.883 +00:00',6,136);
INSERT INTO EntryTags VALUES('2021-10-17 09:53:55.002 +00:00','2021-10-17 09:53:55.002 +00:00',1,137);
INSERT INTO EntryTags VALUES('2021-10-17 09:53:55.002 +00:00','2021-10-17 09:53:55.002 +00:00',34,137);
INSERT INTO EntryTags VALUES('2021-10-17 09:53:55.178 +00:00','2021-10-17 09:53:55.178 +00:00',86,138);
INSERT INTO EntryTags VALUES('2021-10-17 09:53:55.178 +00:00','2021-10-17 09:53:55.178 +00:00',2,138);
INSERT INTO EntryTags VALUES('2021-10-17 09:53:55.352 +00:00','2021-10-17 09:53:55.352 +00:00',53,139);
INSERT INTO EntryTags VALUES('2021-10-17 09:53:55.352 +00:00','2021-10-17 09:53:55.352 +00:00',87,139);
INSERT INTO EntryTags VALUES('2021-10-17 09:53:55.494 +00:00','2021-10-17 09:53:55.494 +00:00',68,140);
INSERT INTO EntryTags VALUES('2021-10-17 09:53:55.494 +00:00','2021-10-17 09:53:55.494 +00:00',87,140);
INSERT INTO EntryTags VALUES('2021-10-17 09:53:55.606 +00:00','2021-10-17 09:53:55.606 +00:00',28,141);
INSERT INTO EntryTags VALUES('2021-10-17 09:53:55.606 +00:00','2021-10-17 09:53:55.606 +00:00',83,141);
INSERT INTO EntryTags VALUES('2021-10-17 09:53:55.733 +00:00','2021-10-17 09:53:55.733 +00:00',24,142);
INSERT INTO EntryTags VALUES('2021-10-17 09:53:55.733 +00:00','2021-10-17 09:53:55.733 +00:00',19,142);
INSERT INTO EntryTags VALUES('2021-10-17 09:53:55.816 +00:00','2021-10-17 09:53:55.816 +00:00',11,143);
INSERT INTO EntryTags VALUES('2021-10-17 09:53:55.816 +00:00','2021-10-17 09:53:55.816 +00:00',33,143);
INSERT INTO EntryTags VALUES('2021-10-17 09:53:56.000 +00:00','2021-10-17 09:53:56.000 +00:00',30,144);
INSERT INTO EntryTags VALUES('2021-10-17 09:53:56.000 +00:00','2021-10-17 09:53:56.000 +00:00',8,144);
INSERT INTO EntryTags VALUES('2021-10-17 09:53:56.169 +00:00','2021-10-17 09:53:56.169 +00:00',86,145);
INSERT INTO EntryTags VALUES('2021-10-17 09:53:56.169 +00:00','2021-10-17 09:53:56.169 +00:00',4,145);
INSERT INTO EntryTags VALUES('2021-10-17 09:53:56.329 +00:00','2021-10-17 09:53:56.329 +00:00',88,146);
INSERT INTO EntryTags VALUES('2021-10-17 09:53:56.329 +00:00','2021-10-17 09:53:56.329 +00:00',83,146);
INSERT INTO EntryTags VALUES('2021-10-17 09:53:56.529 +00:00','2021-10-17 09:53:56.529 +00:00',89,147);
INSERT INTO EntryTags VALUES('2021-10-17 09:53:56.529 +00:00','2021-10-17 09:53:56.529 +00:00',90,147);
INSERT INTO EntryTags VALUES('2021-10-17 09:53:56.682 +00:00','2021-10-17 09:53:56.682 +00:00',30,148);
INSERT INTO EntryTags VALUES('2021-10-17 09:53:56.682 +00:00','2021-10-17 09:53:56.682 +00:00',70,148);
INSERT INTO EntryTags VALUES('2021-10-17 09:53:56.854 +00:00','2021-10-17 09:53:56.854 +00:00',91,149);
INSERT INTO EntryTags VALUES('2021-10-17 09:53:56.854 +00:00','2021-10-17 09:53:56.854 +00:00',21,149);
INSERT INTO EntryTags VALUES('2021-10-17 09:53:57.014 +00:00','2021-10-17 09:53:57.014 +00:00',43,150);
INSERT INTO EntryTags VALUES('2021-10-17 09:53:57.014 +00:00','2021-10-17 09:53:57.014 +00:00',21,150);
INSERT INTO EntryTags VALUES('2021-10-17 09:53:57.143 +00:00','2021-10-17 09:53:57.143 +00:00',74,151);
INSERT INTO EntryTags VALUES('2021-10-17 09:53:57.143 +00:00','2021-10-17 09:53:57.143 +00:00',23,151);
INSERT INTO EntryTags VALUES('2021-10-17 09:53:57.303 +00:00','2021-10-17 09:53:57.303 +00:00',32,152);
INSERT INTO EntryTags VALUES('2021-10-17 09:53:57.303 +00:00','2021-10-17 09:53:57.303 +00:00',36,152);
INSERT INTO EntryTags VALUES('2021-10-17 09:53:57.379 +00:00','2021-10-17 09:53:57.379 +00:00',57,153);
INSERT INTO EntryTags VALUES('2021-10-17 09:53:57.379 +00:00','2021-10-17 09:53:57.379 +00:00',44,153);
INSERT INTO EntryTags VALUES('2021-10-17 09:53:57.534 +00:00','2021-10-17 09:53:57.534 +00:00',28,154);
INSERT INTO EntryTags VALUES('2021-10-17 09:53:57.534 +00:00','2021-10-17 09:53:57.534 +00:00',18,154);
INSERT INTO EntryTags VALUES('2021-10-17 09:53:57.624 +00:00','2021-10-17 09:53:57.624 +00:00',68,155);
INSERT INTO EntryTags VALUES('2021-10-17 09:53:57.624 +00:00','2021-10-17 09:53:57.624 +00:00',41,155);
INSERT INTO EntryTags VALUES('2021-10-17 09:53:57.764 +00:00','2021-10-17 09:53:57.764 +00:00',53,156);
INSERT INTO EntryTags VALUES('2021-10-17 09:53:57.764 +00:00','2021-10-17 09:53:57.764 +00:00',81,156);
INSERT INTO EntryTags VALUES('2021-10-17 09:53:57.901 +00:00','2021-10-17 09:53:57.901 +00:00',1,157);
INSERT INTO EntryTags VALUES('2021-10-17 09:53:57.901 +00:00','2021-10-17 09:53:57.901 +00:00',83,157);
INSERT INTO EntryTags VALUES('2021-10-17 09:53:58.033 +00:00','2021-10-17 09:53:58.033 +00:00',45,158);
INSERT INTO EntryTags VALUES('2021-10-17 09:53:58.033 +00:00','2021-10-17 09:53:58.033 +00:00',90,158);
INSERT INTO EntryTags VALUES('2021-10-17 09:53:58.219 +00:00','2021-10-17 09:53:58.219 +00:00',17,159);
INSERT INTO EntryTags VALUES('2021-10-17 09:53:58.219 +00:00','2021-10-17 09:53:58.219 +00:00',75,159);
INSERT INTO EntryTags VALUES('2021-10-17 09:53:58.341 +00:00','2021-10-17 09:53:58.341 +00:00',7,160);
INSERT INTO EntryTags VALUES('2021-10-17 09:53:58.341 +00:00','2021-10-17 09:53:58.341 +00:00',4,160);
INSERT INTO EntryTags VALUES('2021-10-17 09:53:58.507 +00:00','2021-10-17 09:53:58.507 +00:00',20,161);
INSERT INTO EntryTags VALUES('2021-10-17 09:53:58.507 +00:00','2021-10-17 09:53:58.507 +00:00',92,161);
INSERT INTO EntryTags VALUES('2021-10-17 09:53:58.612 +00:00','2021-10-17 09:53:58.612 +00:00',91,162);
INSERT INTO EntryTags VALUES('2021-10-17 09:53:58.612 +00:00','2021-10-17 09:53:58.612 +00:00',2,162);
INSERT INTO EntryTags VALUES('2021-10-17 09:53:58.768 +00:00','2021-10-17 09:53:58.768 +00:00',82,163);
INSERT INTO EntryTags VALUES('2021-10-17 09:53:58.768 +00:00','2021-10-17 09:53:58.768 +00:00',44,163);
INSERT INTO EntryTags VALUES('2021-10-17 09:53:58.898 +00:00','2021-10-17 09:53:58.898 +00:00',65,164);
INSERT INTO EntryTags VALUES('2021-10-17 09:53:58.898 +00:00','2021-10-17 09:53:58.898 +00:00',87,164);
INSERT INTO EntryTags VALUES('2021-10-17 09:53:59.038 +00:00','2021-10-17 09:53:59.038 +00:00',89,165);
INSERT INTO EntryTags VALUES('2021-10-17 09:53:59.038 +00:00','2021-10-17 09:53:59.038 +00:00',34,165);
INSERT INTO EntryTags VALUES('2021-10-17 09:53:59.156 +00:00','2021-10-17 09:53:59.156 +00:00',32,166);
INSERT INTO EntryTags VALUES('2021-10-17 09:53:59.156 +00:00','2021-10-17 09:53:59.156 +00:00',41,166);
INSERT INTO EntryTags VALUES('2021-10-17 09:53:59.307 +00:00','2021-10-17 09:53:59.307 +00:00',73,167);
INSERT INTO EntryTags VALUES('2021-10-17 09:53:59.307 +00:00','2021-10-17 09:53:59.307 +00:00',23,167);
INSERT INTO EntryTags VALUES('2021-10-17 09:53:59.425 +00:00','2021-10-17 09:53:59.425 +00:00',11,168);
INSERT INTO EntryTags VALUES('2021-10-17 09:53:59.425 +00:00','2021-10-17 09:53:59.425 +00:00',6,168);
INSERT INTO EntryTags VALUES('2021-10-17 09:53:59.582 +00:00','2021-10-17 09:53:59.582 +00:00',65,169);
INSERT INTO EntryTags VALUES('2021-10-17 09:53:59.582 +00:00','2021-10-17 09:53:59.582 +00:00',71,169);
INSERT INTO EntryTags VALUES('2021-10-17 09:53:59.697 +00:00','2021-10-17 09:53:59.697 +00:00',32,170);
INSERT INTO EntryTags VALUES('2021-10-17 09:53:59.697 +00:00','2021-10-17 09:53:59.697 +00:00',18,170);
INSERT INTO EntryTags VALUES('2021-10-17 09:53:59.856 +00:00','2021-10-17 09:53:59.856 +00:00',17,171);
INSERT INTO EntryTags VALUES('2021-10-17 09:53:59.856 +00:00','2021-10-17 09:53:59.856 +00:00',12,171);
INSERT INTO EntryTags VALUES('2021-10-17 09:54:00.060 +00:00','2021-10-17 09:54:00.060 +00:00',3,172);
INSERT INTO EntryTags VALUES('2021-10-17 09:54:00.060 +00:00','2021-10-17 09:54:00.060 +00:00',18,172);
INSERT INTO EntryTags VALUES('2021-10-17 09:54:00.197 +00:00','2021-10-17 09:54:00.197 +00:00',30,173);
INSERT INTO EntryTags VALUES('2021-10-17 09:54:00.197 +00:00','2021-10-17 09:54:00.197 +00:00',19,173);
INSERT INTO EntryTags VALUES('2021-10-17 09:54:00.372 +00:00','2021-10-17 09:54:00.372 +00:00',93,174);
INSERT INTO EntryTags VALUES('2021-10-17 09:54:00.372 +00:00','2021-10-17 09:54:00.372 +00:00',48,174);
INSERT INTO EntryTags VALUES('2021-10-17 09:54:00.546 +00:00','2021-10-17 09:54:00.546 +00:00',28,175);
INSERT INTO EntryTags VALUES('2021-10-17 09:54:00.546 +00:00','2021-10-17 09:54:00.546 +00:00',16,175);
INSERT INTO EntryTags VALUES('2021-10-17 09:54:00.646 +00:00','2021-10-17 09:54:00.646 +00:00',54,176);
INSERT INTO EntryTags VALUES('2021-10-17 09:54:00.646 +00:00','2021-10-17 09:54:00.646 +00:00',92,176);
INSERT INTO EntryTags VALUES('2021-10-17 09:54:00.787 +00:00','2021-10-17 09:54:00.787 +00:00',53,177);
INSERT INTO EntryTags VALUES('2021-10-17 09:54:00.787 +00:00','2021-10-17 09:54:00.787 +00:00',90,177);
INSERT INTO EntryTags VALUES('2021-10-17 09:54:00.910 +00:00','2021-10-17 09:54:00.910 +00:00',82,178);
INSERT INTO EntryTags VALUES('2021-10-17 09:54:00.910 +00:00','2021-10-17 09:54:00.910 +00:00',92,178);
INSERT INTO EntryTags VALUES('2021-10-17 09:54:01.038 +00:00','2021-10-17 09:54:01.038 +00:00',78,179);
INSERT INTO EntryTags VALUES('2021-10-17 09:54:01.038 +00:00','2021-10-17 09:54:01.038 +00:00',83,179);
INSERT INTO EntryTags VALUES('2021-10-17 09:54:01.192 +00:00','2021-10-17 09:54:01.192 +00:00',76,180);
INSERT INTO EntryTags VALUES('2021-10-17 09:54:01.192 +00:00','2021-10-17 09:54:01.192 +00:00',79,180);
INSERT INTO EntryTags VALUES('2021-10-17 09:54:01.244 +00:00','2021-10-17 09:54:01.244 +00:00',51,181);
INSERT INTO EntryTags VALUES('2021-10-17 09:54:01.244 +00:00','2021-10-17 09:54:01.244 +00:00',71,181);
INSERT INTO EntryTags VALUES('2021-10-17 09:54:01.389 +00:00','2021-10-17 09:54:01.389 +00:00',1,182);
INSERT INTO EntryTags VALUES('2021-10-17 09:54:01.389 +00:00','2021-10-17 09:54:01.389 +00:00',46,182);
INSERT INTO EntryTags VALUES('2021-10-17 09:54:01.546 +00:00','2021-10-17 09:54:01.546 +00:00',22,183);
INSERT INTO EntryTags VALUES('2021-10-17 09:54:01.546 +00:00','2021-10-17 09:54:01.546 +00:00',42,183);
INSERT INTO EntryTags VALUES('2021-10-17 09:54:01.661 +00:00','2021-10-17 09:54:01.661 +00:00',17,184);
INSERT INTO EntryTags VALUES('2021-10-17 09:54:01.661 +00:00','2021-10-17 09:54:01.661 +00:00',94,184);
INSERT INTO EntryTags VALUES('2021-10-17 09:54:01.775 +00:00','2021-10-17 09:54:01.775 +00:00',43,185);
INSERT INTO EntryTags VALUES('2021-10-17 09:54:01.775 +00:00','2021-10-17 09:54:01.775 +00:00',42,185);
INSERT INTO EntryTags VALUES('2021-10-17 09:54:01.955 +00:00','2021-10-17 09:54:01.955 +00:00',95,186);
INSERT INTO EntryTags VALUES('2021-10-17 09:54:01.955 +00:00','2021-10-17 09:54:01.955 +00:00',41,186);
INSERT INTO EntryTags VALUES('2021-10-17 09:54:02.113 +00:00','2021-10-17 09:54:02.113 +00:00',89,187);
INSERT INTO EntryTags VALUES('2021-10-17 09:54:02.113 +00:00','2021-10-17 09:54:02.113 +00:00',34,187);
INSERT INTO EntryTags VALUES('2021-10-17 09:54:02.247 +00:00','2021-10-17 09:54:02.247 +00:00',78,188);
INSERT INTO EntryTags VALUES('2021-10-17 09:54:02.247 +00:00','2021-10-17 09:54:02.247 +00:00',58,188);
INSERT INTO EntryTags VALUES('2021-10-17 09:54:02.397 +00:00','2021-10-17 09:54:02.397 +00:00',3,189);
INSERT INTO EntryTags VALUES('2021-10-17 09:54:02.397 +00:00','2021-10-17 09:54:02.397 +00:00',81,189);
INSERT INTO EntryTags VALUES('2021-10-17 09:54:02.493 +00:00','2021-10-17 09:54:02.493 +00:00',24,190);
INSERT INTO EntryTags VALUES('2021-10-17 09:54:02.493 +00:00','2021-10-17 09:54:02.493 +00:00',25,190);
INSERT INTO EntryTags VALUES('2021-10-17 09:54:02.573 +00:00','2021-10-17 09:54:02.573 +00:00',65,191);
INSERT INTO EntryTags VALUES('2021-10-17 09:54:02.573 +00:00','2021-10-17 09:54:02.573 +00:00',59,191);
INSERT INTO EntryTags VALUES('2021-10-17 09:54:02.718 +00:00','2021-10-17 09:54:02.718 +00:00',13,192);
INSERT INTO EntryTags VALUES('2021-10-17 09:54:02.718 +00:00','2021-10-17 09:54:02.718 +00:00',37,192);
INSERT INTO EntryTags VALUES('2021-10-17 09:54:02.804 +00:00','2021-10-17 09:54:02.804 +00:00',72,193);
INSERT INTO EntryTags VALUES('2021-10-17 09:54:02.804 +00:00','2021-10-17 09:54:02.804 +00:00',36,193);
INSERT INTO EntryTags VALUES('2021-10-17 09:54:02.933 +00:00','2021-10-17 09:54:02.933 +00:00',72,194);
INSERT INTO EntryTags VALUES('2021-10-17 09:54:02.933 +00:00','2021-10-17 09:54:02.933 +00:00',33,194);
INSERT INTO EntryTags VALUES('2021-10-17 09:54:03.041 +00:00','2021-10-17 09:54:03.041 +00:00',29,195);
INSERT INTO EntryTags VALUES('2021-10-17 09:54:03.041 +00:00','2021-10-17 09:54:03.041 +00:00',4,195);
INSERT INTO EntryTags VALUES('2021-10-17 09:54:03.128 +00:00','2021-10-17 09:54:03.128 +00:00',86,196);
INSERT INTO EntryTags VALUES('2021-10-17 09:54:03.128 +00:00','2021-10-17 09:54:03.128 +00:00',25,196);
INSERT INTO EntryTags VALUES('2021-10-17 09:54:03.278 +00:00','2021-10-17 09:54:03.278 +00:00',95,197);
INSERT INTO EntryTags VALUES('2021-10-17 09:54:03.278 +00:00','2021-10-17 09:54:03.278 +00:00',81,197);
INSERT INTO EntryTags VALUES('2021-10-17 09:54:03.411 +00:00','2021-10-17 09:54:03.411 +00:00',9,198);
INSERT INTO EntryTags VALUES('2021-10-17 09:54:03.411 +00:00','2021-10-17 09:54:03.411 +00:00',85,198);
INSERT INTO EntryTags VALUES('2021-10-17 09:54:03.552 +00:00','2021-10-17 09:54:03.552 +00:00',11,199);
INSERT INTO EntryTags VALUES('2021-10-17 09:54:03.552 +00:00','2021-10-17 09:54:03.552 +00:00',52,199);
INSERT INTO EntryTags VALUES('2021-10-17 09:54:03.685 +00:00','2021-10-17 09:54:03.685 +00:00',11,200);
INSERT INTO EntryTags VALUES('2021-10-17 09:54:03.685 +00:00','2021-10-17 09:54:03.685 +00:00',44,200);
INSERT INTO EntryTags VALUES('2021-10-17 09:54:03.754 +00:00','2021-10-17 09:54:03.754 +00:00',93,201);
INSERT INTO EntryTags VALUES('2021-10-17 09:54:03.754 +00:00','2021-10-17 09:54:03.754 +00:00',37,201);
INSERT INTO EntryTags VALUES('2021-10-17 09:54:03.932 +00:00','2021-10-17 09:54:03.932 +00:00',49,202);
INSERT INTO EntryTags VALUES('2021-10-17 09:54:03.932 +00:00','2021-10-17 09:54:03.932 +00:00',55,202);
INSERT INTO EntryTags VALUES('2021-10-17 09:54:04.059 +00:00','2021-10-17 09:54:04.059 +00:00',95,203);
INSERT INTO EntryTags VALUES('2021-10-17 09:54:04.059 +00:00','2021-10-17 09:54:04.059 +00:00',39,203);
INSERT INTO EntryTags VALUES('2021-10-17 09:54:04.172 +00:00','2021-10-17 09:54:04.172 +00:00',3,204);
INSERT INTO EntryTags VALUES('2021-10-17 09:54:04.172 +00:00','2021-10-17 09:54:04.172 +00:00',94,204);
INSERT INTO EntryTags VALUES('2021-10-17 09:54:04.309 +00:00','2021-10-17 09:54:04.309 +00:00',20,205);
INSERT INTO EntryTags VALUES('2021-10-17 09:54:04.309 +00:00','2021-10-17 09:54:04.309 +00:00',21,205);
INSERT INTO EntryTags VALUES('2021-10-17 09:54:04.442 +00:00','2021-10-17 09:54:04.442 +00:00',82,206);
INSERT INTO EntryTags VALUES('2021-10-17 09:54:04.442 +00:00','2021-10-17 09:54:04.442 +00:00',4,206);
INSERT INTO EntryTags VALUES('2021-10-17 09:54:04.591 +00:00','2021-10-17 09:54:04.591 +00:00',49,207);
INSERT INTO EntryTags VALUES('2021-10-17 09:54:04.591 +00:00','2021-10-17 09:54:04.591 +00:00',37,207);
INSERT INTO EntryTags VALUES('2021-10-17 09:54:04.729 +00:00','2021-10-17 09:54:04.729 +00:00',27,208);
INSERT INTO EntryTags VALUES('2021-10-17 09:54:04.729 +00:00','2021-10-17 09:54:04.729 +00:00',10,208);
INSERT INTO EntryTags VALUES('2021-10-17 09:54:04.872 +00:00','2021-10-17 09:54:04.872 +00:00',67,209);
INSERT INTO EntryTags VALUES('2021-10-17 09:54:04.872 +00:00','2021-10-17 09:54:04.872 +00:00',18,209);
INSERT INTO EntryTags VALUES('2021-10-17 09:54:05.011 +00:00','2021-10-17 09:54:05.011 +00:00',38,210);
INSERT INTO EntryTags VALUES('2021-10-17 09:54:05.011 +00:00','2021-10-17 09:54:05.011 +00:00',31,210);
INSERT INTO EntryTags VALUES('2021-10-17 09:54:05.129 +00:00','2021-10-17 09:54:05.129 +00:00',35,211);
INSERT INTO EntryTags VALUES('2021-10-17 09:54:05.129 +00:00','2021-10-17 09:54:05.129 +00:00',63,211);
INSERT INTO EntryTags VALUES('2021-10-17 09:54:05.224 +00:00','2021-10-17 09:54:05.224 +00:00',9,212);
INSERT INTO EntryTags VALUES('2021-10-17 09:54:05.224 +00:00','2021-10-17 09:54:05.224 +00:00',26,212);
INSERT INTO EntryTags VALUES('2021-10-17 09:54:05.366 +00:00','2021-10-17 09:54:05.366 +00:00',77,213);
INSERT INTO EntryTags VALUES('2021-10-17 09:54:05.366 +00:00','2021-10-17 09:54:05.366 +00:00',52,213);
INSERT INTO EntryTags VALUES('2021-10-17 09:54:05.480 +00:00','2021-10-17 09:54:05.480 +00:00',5,214);
INSERT INTO EntryTags VALUES('2021-10-17 09:54:05.480 +00:00','2021-10-17 09:54:05.480 +00:00',41,214);
INSERT INTO EntryTags VALUES('2021-10-17 09:54:05.688 +00:00','2021-10-17 09:54:05.688 +00:00',3,215);
INSERT INTO EntryTags VALUES('2021-10-17 09:54:05.688 +00:00','2021-10-17 09:54:05.688 +00:00',69,215);
INSERT INTO EntryTags VALUES('2021-10-17 09:54:05.761 +00:00','2021-10-17 09:54:05.761 +00:00',89,216);
INSERT INTO EntryTags VALUES('2021-10-17 09:54:05.761 +00:00','2021-10-17 09:54:05.761 +00:00',6,216);
INSERT INTO EntryTags VALUES('2021-10-17 09:54:05.946 +00:00','2021-10-17 09:54:05.946 +00:00',77,217);
INSERT INTO EntryTags VALUES('2021-10-17 09:54:05.946 +00:00','2021-10-17 09:54:05.946 +00:00',70,217);
INSERT INTO EntryTags VALUES('2021-10-17 09:54:06.076 +00:00','2021-10-17 09:54:06.076 +00:00',15,218);
INSERT INTO EntryTags VALUES('2021-10-17 09:54:06.076 +00:00','2021-10-17 09:54:06.076 +00:00',6,218);
INSERT INTO EntryTags VALUES('2021-10-17 09:54:06.170 +00:00','2021-10-17 09:54:06.170 +00:00',67,219);
INSERT INTO EntryTags VALUES('2021-10-17 09:54:06.170 +00:00','2021-10-17 09:54:06.170 +00:00',12,219);
INSERT INTO EntryTags VALUES('2021-10-17 09:54:06.308 +00:00','2021-10-17 09:54:06.308 +00:00',1,220);
INSERT INTO EntryTags VALUES('2021-10-17 09:54:06.308 +00:00','2021-10-17 09:54:06.308 +00:00',64,220);
INSERT INTO EntryTags VALUES('2021-10-17 09:54:06.384 +00:00','2021-10-17 09:54:06.384 +00:00',84,221);
INSERT INTO EntryTags VALUES('2021-10-17 09:54:06.384 +00:00','2021-10-17 09:54:06.384 +00:00',81,221);
INSERT INTO EntryTags VALUES('2021-10-17 09:54:06.538 +00:00','2021-10-17 09:54:06.538 +00:00',1,222);
INSERT INTO EntryTags VALUES('2021-10-17 09:54:06.538 +00:00','2021-10-17 09:54:06.538 +00:00',31,222);
INSERT INTO EntryTags VALUES('2021-10-17 09:54:06.681 +00:00','2021-10-17 09:54:06.681 +00:00',51,223);
INSERT INTO EntryTags VALUES('2021-10-17 09:54:06.681 +00:00','2021-10-17 09:54:06.681 +00:00',26,223);
INSERT INTO EntryTags VALUES('2021-10-17 09:54:06.801 +00:00','2021-10-17 09:54:06.801 +00:00',22,224);
INSERT INTO EntryTags VALUES('2021-10-17 09:54:06.801 +00:00','2021-10-17 09:54:06.801 +00:00',70,224);
INSERT INTO EntryTags VALUES('2021-10-17 09:54:06.916 +00:00','2021-10-17 09:54:06.916 +00:00',54,225);
INSERT INTO EntryTags VALUES('2021-10-17 09:54:06.916 +00:00','2021-10-17 09:54:06.916 +00:00',55,225);
INSERT INTO EntryTags VALUES('2021-10-17 09:54:07.038 +00:00','2021-10-17 09:54:07.038 +00:00',76,226);
INSERT INTO EntryTags VALUES('2021-10-17 09:54:07.038 +00:00','2021-10-17 09:54:07.038 +00:00',4,226);
INSERT INTO EntryTags VALUES('2021-10-17 09:54:07.162 +00:00','2021-10-17 09:54:07.162 +00:00',66,227);
INSERT INTO EntryTags VALUES('2021-10-17 09:54:07.162 +00:00','2021-10-17 09:54:07.162 +00:00',8,227);
INSERT INTO EntryTags VALUES('2021-10-17 09:54:07.278 +00:00','2021-10-17 09:54:07.278 +00:00',9,228);
INSERT INTO EntryTags VALUES('2021-10-17 09:54:07.278 +00:00','2021-10-17 09:54:07.278 +00:00',70,228);
INSERT INTO EntryTags VALUES('2021-10-17 09:54:07.412 +00:00','2021-10-17 09:54:07.412 +00:00',61,229);
INSERT INTO EntryTags VALUES('2021-10-17 09:54:07.412 +00:00','2021-10-17 09:54:07.412 +00:00',83,229);
INSERT INTO EntryTags VALUES('2021-10-17 09:54:07.541 +00:00','2021-10-17 09:54:07.541 +00:00',27,230);
INSERT INTO EntryTags VALUES('2021-10-17 09:54:07.541 +00:00','2021-10-17 09:54:07.541 +00:00',10,230);
INSERT INTO EntryTags VALUES('2021-10-17 09:54:07.668 +00:00','2021-10-17 09:54:07.668 +00:00',91,231);
INSERT INTO EntryTags VALUES('2021-10-17 09:54:07.668 +00:00','2021-10-17 09:54:07.668 +00:00',64,231);
INSERT INTO EntryTags VALUES('2021-10-17 09:54:07.793 +00:00','2021-10-17 09:54:07.793 +00:00',67,232);
INSERT INTO EntryTags VALUES('2021-10-17 09:54:07.793 +00:00','2021-10-17 09:54:07.793 +00:00',71,232);
INSERT INTO EntryTags VALUES('2021-10-17 09:54:07.901 +00:00','2021-10-17 09:54:07.901 +00:00',27,233);
INSERT INTO EntryTags VALUES('2021-10-17 09:54:07.901 +00:00','2021-10-17 09:54:07.901 +00:00',58,233);
INSERT INTO EntryTags VALUES('2021-10-17 09:54:08.016 +00:00','2021-10-17 09:54:08.016 +00:00',91,234);
INSERT INTO EntryTags VALUES('2021-10-17 09:54:08.016 +00:00','2021-10-17 09:54:08.016 +00:00',79,234);
INSERT INTO EntryTags VALUES('2021-10-17 09:54:08.169 +00:00','2021-10-17 09:54:08.169 +00:00',61,235);
INSERT INTO EntryTags VALUES('2021-10-17 09:54:08.169 +00:00','2021-10-17 09:54:08.169 +00:00',64,235);
INSERT INTO EntryTags VALUES('2021-10-17 09:54:08.262 +00:00','2021-10-17 09:54:08.262 +00:00',38,236);
INSERT INTO EntryTags VALUES('2021-10-17 09:54:08.262 +00:00','2021-10-17 09:54:08.262 +00:00',4,236);
INSERT INTO EntryTags VALUES('2021-10-17 09:54:08.369 +00:00','2021-10-17 09:54:08.369 +00:00',43,237);
INSERT INTO EntryTags VALUES('2021-10-17 09:54:08.369 +00:00','2021-10-17 09:54:08.369 +00:00',87,237);
INSERT INTO EntryTags VALUES('2021-10-17 09:54:08.517 +00:00','2021-10-17 09:54:08.517 +00:00',3,238);
INSERT INTO EntryTags VALUES('2021-10-17 09:54:08.517 +00:00','2021-10-17 09:54:08.517 +00:00',85,238);
INSERT INTO EntryTags VALUES('2021-10-17 09:54:08.673 +00:00','2021-10-17 09:54:08.673 +00:00',5,239);
INSERT INTO EntryTags VALUES('2021-10-17 09:54:08.673 +00:00','2021-10-17 09:54:08.673 +00:00',56,239);
INSERT INTO EntryTags VALUES('2021-10-17 09:54:08.795 +00:00','2021-10-17 09:54:08.795 +00:00',67,240);
INSERT INTO EntryTags VALUES('2021-10-17 09:54:08.795 +00:00','2021-10-17 09:54:08.795 +00:00',10,240);
INSERT INTO EntryTags VALUES('2021-10-17 09:54:08.890 +00:00','2021-10-17 09:54:08.890 +00:00',28,241);
INSERT INTO EntryTags VALUES('2021-10-17 09:54:08.890 +00:00','2021-10-17 09:54:08.890 +00:00',33,241);
INSERT INTO EntryTags VALUES('2021-10-17 09:54:09.020 +00:00','2021-10-17 09:54:09.020 +00:00',1,242);
INSERT INTO EntryTags VALUES('2021-10-17 09:54:09.020 +00:00','2021-10-17 09:54:09.020 +00:00',33,242);
INSERT INTO EntryTags VALUES('2021-10-17 09:54:09.133 +00:00','2021-10-17 09:54:09.133 +00:00',67,243);
INSERT INTO EntryTags VALUES('2021-10-17 09:54:09.133 +00:00','2021-10-17 09:54:09.133 +00:00',71,243);
INSERT INTO EntryTags VALUES('2021-10-17 09:54:09.245 +00:00','2021-10-17 09:54:09.245 +00:00',82,244);
INSERT INTO EntryTags VALUES('2021-10-17 09:54:09.245 +00:00','2021-10-17 09:54:09.245 +00:00',19,244);
INSERT INTO EntryTags VALUES('2021-10-17 09:54:09.412 +00:00','2021-10-17 09:54:09.412 +00:00',76,245);
INSERT INTO EntryTags VALUES('2021-10-17 09:54:09.412 +00:00','2021-10-17 09:54:09.412 +00:00',39,245);
INSERT INTO EntryTags VALUES('2021-10-17 09:54:09.541 +00:00','2021-10-17 09:54:09.541 +00:00',88,246);
INSERT INTO EntryTags VALUES('2021-10-17 09:54:09.541 +00:00','2021-10-17 09:54:09.541 +00:00',94,246);
INSERT INTO EntryTags VALUES('2021-10-17 09:54:09.653 +00:00','2021-10-17 09:54:09.653 +00:00',91,247);
INSERT INTO EntryTags VALUES('2021-10-17 09:54:09.653 +00:00','2021-10-17 09:54:09.653 +00:00',36,247);
INSERT INTO EntryTags VALUES('2021-10-17 09:54:09.774 +00:00','2021-10-17 09:54:09.774 +00:00',29,248);
INSERT INTO EntryTags VALUES('2021-10-17 09:54:09.774 +00:00','2021-10-17 09:54:09.774 +00:00',26,248);
INSERT INTO EntryTags VALUES('2021-10-17 09:54:09.889 +00:00','2021-10-17 09:54:09.889 +00:00',17,249);
INSERT INTO EntryTags VALUES('2021-10-17 09:54:09.889 +00:00','2021-10-17 09:54:09.889 +00:00',63,249);
INSERT INTO EntryTags VALUES('2021-10-17 09:54:10.002 +00:00','2021-10-17 09:54:10.002 +00:00',5,250);
INSERT INTO EntryTags VALUES('2021-10-17 09:54:10.002 +00:00','2021-10-17 09:54:10.002 +00:00',59,250);
INSERT INTO EntryTags VALUES('2021-10-17 09:54:10.091 +00:00','2021-10-17 09:54:10.091 +00:00',93,251);
INSERT INTO EntryTags VALUES('2021-10-17 09:54:10.091 +00:00','2021-10-17 09:54:10.091 +00:00',81,251);
INSERT INTO EntryTags VALUES('2021-10-17 09:54:10.173 +00:00','2021-10-17 09:54:10.173 +00:00',91,252);
INSERT INTO EntryTags VALUES('2021-10-17 09:54:10.173 +00:00','2021-10-17 09:54:10.173 +00:00',92,252);
INSERT INTO EntryTags VALUES('2021-10-17 09:54:10.279 +00:00','2021-10-17 09:54:10.279 +00:00',74,253);
INSERT INTO EntryTags VALUES('2021-10-17 09:54:10.279 +00:00','2021-10-17 09:54:10.279 +00:00',4,253);
INSERT INTO EntryTags VALUES('2021-10-17 09:54:10.473 +00:00','2021-10-17 09:54:10.473 +00:00',49,254);
INSERT INTO EntryTags VALUES('2021-10-17 09:54:10.473 +00:00','2021-10-17 09:54:10.473 +00:00',92,254);
INSERT INTO EntryTags VALUES('2021-10-17 09:54:10.706 +00:00','2021-10-17 09:54:10.706 +00:00',73,255);
INSERT INTO EntryTags VALUES('2021-10-17 09:54:10.706 +00:00','2021-10-17 09:54:10.706 +00:00',18,255);
INSERT INTO EntryTags VALUES('2021-10-17 09:54:10.817 +00:00','2021-10-17 09:54:10.817 +00:00',22,256);
INSERT INTO EntryTags VALUES('2021-10-17 09:54:10.817 +00:00','2021-10-17 09:54:10.817 +00:00',37,256);
DELETE FROM sqlite_sequence;
INSERT INTO sqlite_sequence VALUES('Teams',1);
INSERT INTO sqlite_sequence VALUES('Users',12);
INSERT INTO sqlite_sequence VALUES('Projects',48);
INSERT INTO sqlite_sequence VALUES('Entries',256);
INSERT INTO sqlite_sequence VALUES('Tags',95);
COMMIT;
